"연령별(1)","시점","암검진별(1)","성별(1)",대상인원 (명),수검인원 (명)
"계","2010","계","합계",12945756,6184804
"계","2010","계","남자",6071884,2522586
"계","2010","계","여자",6873872,3662218
"계","2010","위암","합계",10997959,4915858
"계","2010","위암","남자",5553666,2202416
"계","2010","위암","여자",5444293,2713442
"계","2010","대장암","합계",7647088,2671849
"계","2010","대장암","남자",3737668,1234697
"계","2010","대장암","여자",3909420,1437152
"계","2010","간암","합계",563812,259999
"계","2010","간암","남자",387512,166417
"계","2010","간암","여자",176300,93582
"계","2010","유방암","합계",5401123,2778099
"계","2010","유방암","남자",-,-
"계","2010","유방암","여자",5401123,2778099
"계","2010","자궁경부암","합계",6422573,2586439
"계","2010","자궁경부암","남자",-,-
"계","2010","자궁경부암","여자",6422573,2586439
"계","2011","계","합계",14089502,7056776
"계","2011","계","남자",6362998,2763819
"계","2011","계","여자",7726504,4292957
"계","2011","위암","합계",12066748,5707811
"계","2011","위암","남자",5785597,2524558
"계","2011","위암","여자",6281151,3183253
"계","2011","대장암","합계",8315181,2891693
"계","2011","대장암","남자",4045914,1306222
"계","2011","대장암","여자",4269267,1585471
"계","2011","간암","합계",720701,331839
"계","2011","간암","남자",471735,199058
"계","2011","간암","여자",248966,132781
"계","2011","유방암","합계",6301873,3242910
"계","2011","유방암","남자",-,-
"계","2011","유방암","여자",6301873,3242910
"계","2011","자궁경부암","합계",7334187,3263849
"계","2011","자궁경부암","남자",-,-
"계","2011","자궁경부암","여자",7334187,3263849
"계","2012","계","합계",20049425,7892732
"계","2012","계","남자",8669077,3152223
"계","2012","계","여자",11380348,4740509
"계","2012","위암","합계",10977001,5802482
"계","2012","위암","남자",5395654,2599461
"계","2012","위암","여자",5581347,3203021
"계","2012","대장암","합계",13751002,3705933
"계","2012","대장암","남자",6450978,1679722
"계","2012","대장암","여자",7300024,2026211
"계","2012","간암","합계",992347,416667
"계","2012","간암","남자",594300,237789
"계","2012","간암","여자",398047,178878
"계","2012","유방암","합계",5575675,3232417
"계","2012","유방암","남자",-,-
"계","2012","유방암","여자",5575675,3232417
"계","2012","자궁경부암","합계",7314536,3370657
"계","2012","자궁경부암","남자",-,-
"계","2012","자궁경부암","여자",7314536,3370657
"계","2013","계","합계",19194911,8340858
"계","2013","계","남자",8425630,3317104
"계","2013","계","여자",10769281,5023754
"계","2013","위암","합계",11105864,5883648
"계","2013","위암","남자",5349513,2614156
"계","2013","위암","여자",5756351,3269492
"계","2013","대장암","합계",13121035,4028968
"계","2013","대장암","남자",6263384,1841024
"계","2013","대장암","여자",6857651,2187944
"계","2013","간암","합계",901287,448614
"계","2013","간암","남자",527502,251160
"계","2013","간암","여자",373785,197454
"계","2013","유방암","합계",5763025,3305804
"계","2013","유방암","남자",-,-
"계","2013","유방암","여자",5763025,3305804
"계","2013","자궁경부암","합계",7298134,3554493
"계","2013","자궁경부암","남자",-,-
"계","2013","자궁경부암","여자",7298134,3554493
"계","2014","계","합계",19397675,8884321
"계","2014","계","남자",8605195,3549792
"계","2014","계","여자",10792480,5334529
"계","2014","위암","합계",11360683,6236887
"계","2014","위암","남자",5515737,2803519
"계","2014","위암","여자",5844946,3433368
"계","2014","대장암","합계",13386816,4348293
"계","2014","대장암","남자",6423733,1990429
"계","2014","대장암","여자",6963083,2357864
"계","2014","간암","합계",905329,477741
"계","2014","간암","남자",530510,268945
"계","2014","간암","여자",374819,208796
"계","2014","유방암","합계",5849134,3468869
"계","2014","유방암","남자",0,0
"계","2014","유방암","여자",5849134,3468869
"계","2014","자궁경부암","합계",7299778,3796307
"계","2014","자궁경부암","남자",0,0
"계","2014","자궁경부암","여자",7299778,3796307
"계","2015","계","합계",20179798,9749039
"계","2015","계","남자",8903232,3937190
"계","2015","계","여자",11276566,5811849
"계","2015","위암","합계",11672349,6673346
"계","2015","위암","남자",5618662,3041092
"계","2015","위암","여자",6053687,3632254
"계","2015","대장암","합계",14077599,4820442
"계","2015","대장암","남자",6732080,2235514
"계","2015","대장암","여자",7345519,2584928
"계","2015","간암","합계",971222,537036
"계","2015","간암","남자",578206,307977
"계","2015","간암","여자",393016,229059
"계","2015","유방암","합계",6057065,3680853
"계","2015","유방암","여자",6057065,3680853
"계","2015","자궁경부암","합계",7570934,4106787
"계","2015","자궁경부암","여자",7570934,4106787
"계","2016","계","합계",21948238,10805618
"계","2016","계","남자",9177626,4232033
"계","2016","계","여자",12770612,6573585
"계","2016","위암","합계",12124479,7202876
"계","2016","위암","남자",5869623,3299538
"계","2016","위암","여자",6254856,3903338
"계","2016","대장암","합계",14602116,5209497
"계","2016","대장암","남자",6992355,2401072
"계","2016","대장암","여자",7609761,2808425
"계","2016","간암","합계",670651,438558
"계","2016","간암","남자",383934,242110
"계","2016","간암","여자",286717,196448
"계","2016","유방암","합계",6247639,3933758
"계","2016","유방암","남자",-,-
"계","2016","유방암","여자",6247639,3933758
"계","2016","자궁경부암","합계",8974424,4757120
"계","2016","자궁경부암","남자",-,-
"계","2016","자궁경부암","여자",8974424,4757120
"계","2017","계","합계",22658023,11411036
"계","2017","계","남자",9435381,4455189
"계","2017","계","여자",13222642,6955847
"계","2017","위암","합계",12283723,7373134
"계","2017","위암","남자",5899701,3384159
"계","2017","위암","여자",6384022,3988975
"계","2017","대장암","합계",15250847,5602076
"계","2017","대장암","남자",7284728,2597136
"계","2017","대장암","여자",7966119,3004940
"계","2017","간암","합계",656148,446031
"계","2017","간암","남자",375988,246727
"계","2017","간암","여자",280160,199304
"계","2017","유방암","합계",6379152,4031787
"계","2017","유방암","남자",-,-
"계","2017","유방암","여자",6379152,4031787
"계","2017","자궁경부암","합계",9229858,5023459
"계","2017","자궁경부암","남자",-,-
"계","2017","자궁경부암","여자",9229858,5023459
"계","2018","계","합계",22503127,12131112
"계","2018","계","남자",9388269,4837307
"계","2018","계","여자",13114858,7293805
"계","2018","위암","합계",12280905,7570928
"계","2018","위암","남자",5905656,3540781
"계","2018","위암","여자",6375249,4030147
"계","2018","대장암","합계",15265904,6078568
"계","2018","대장암","남자",7224728,2843770
"계","2018","대장암","여자",8041176,3234798
"계","2018","간암","합계",746363,533580
"계","2018","간암","남자",420422,292609
"계","2018","간암","여자",325941,240971
"계","2018","유방암","합계",6371080,4069694
"계","2018","유방암","남자",-,-
"계","2018","유방암","여자",6371080,4069694
"계","2018","자궁경부암","합계",9033920,5111894
"계","2018","자궁경부암","남자",-,-
"계","2018","자궁경부암","여자",9033920,5111894
"계","2019","계","합계",23122600,12891329
"계","2019","계","남자",9710914,5139217
"계","2019","계","여자",13411686,7752112
"계","2019","위암","합계",12659765,7956780
"계","2019","위암","남자",6024793,3704835
"계","2019","위암","여자",6634972,4251945
"계","2019","대장암","합계",15867759,6504392
"계","2019","대장암","남자",7490648,3042268
"계","2019","대장암","여자",8377111,3462124
"계","2019","간암","합계",773453,568559
"계","2019","간암","남자",434783,311078
"계","2019","간암","여자",338670,257481
"계","2019","유방암","합계",6602895,4276285
"계","2019","유방암","남자",-,-
"계","2019","유방암","여자",6602895,4276285
"계","2019","자궁경부암","합계",9148253,5374219
"계","2019","자궁경부암","남자",-,-
"계","2019","자궁경부암","여자",9148253,5374219
"20 ~ 24세","2016","계","합계",736010,138829
"20 ~ 24세","2016","계","남자",-,-
"20 ~ 24세","2016","계","여자",736010,138829
"20 ~ 24세","2016","위암","합계",-,-
"20 ~ 24세","2016","위암","남자",-,-
"20 ~ 24세","2016","위암","여자",-,-
"20 ~ 24세","2016","대장암","합계",-,-
"20 ~ 24세","2016","대장암","남자",-,-
"20 ~ 24세","2016","대장암","여자",-,-
"20 ~ 24세","2016","간암","합계",-,-
"20 ~ 24세","2016","간암","남자",-,-
"20 ~ 24세","2016","간암","여자",-,-
"20 ~ 24세","2016","유방암","합계",-,-
"20 ~ 24세","2016","유방암","남자",-,-
"20 ~ 24세","2016","유방암","여자",-,-
"20 ~ 24세","2016","자궁경부암","합계",736010,138829
"20 ~ 24세","2016","자궁경부암","남자",-,-
"20 ~ 24세","2016","자궁경부암","여자",736010,138829
"20 ~ 24세","2017","계","합계",746162,166205
"20 ~ 24세","2017","계","남자",-,-
"20 ~ 24세","2017","계","여자",746162,166205
"20 ~ 24세","2017","위암","합계",-,-
"20 ~ 24세","2017","위암","남자",-,-
"20 ~ 24세","2017","위암","여자",-,-
"20 ~ 24세","2017","대장암","합계",-,-
"20 ~ 24세","2017","대장암","남자",-,-
"20 ~ 24세","2017","대장암","여자",-,-
"20 ~ 24세","2017","간암","합계",-,-
"20 ~ 24세","2017","간암","남자",-,-
"20 ~ 24세","2017","간암","여자",-,-
"20 ~ 24세","2017","유방암","합계",-,-
"20 ~ 24세","2017","유방암","남자",-,-
"20 ~ 24세","2017","유방암","여자",-,-
"20 ~ 24세","2017","자궁경부암","합계",746162,166205
"20 ~ 24세","2017","자궁경부암","남자",-,-
"20 ~ 24세","2017","자궁경부암","여자",746162,166205
"20 ~ 24세","2018","계","합계",677586,170449
"20 ~ 24세","2018","계","남자",-,-
"20 ~ 24세","2018","계","여자",677586,170449
"20 ~ 24세","2018","위암","합계",-,-
"20 ~ 24세","2018","위암","남자",-,-
"20 ~ 24세","2018","위암","여자",-,-
"20 ~ 24세","2018","대장암","합계",-,-
"20 ~ 24세","2018","대장암","남자",-,-
"20 ~ 24세","2018","대장암","여자",-,-
"20 ~ 24세","2018","간암","합계",-,-
"20 ~ 24세","2018","간암","남자",-,-
"20 ~ 24세","2018","간암","여자",-,-
"20 ~ 24세","2018","유방암","합계",-,-
"20 ~ 24세","2018","유방암","남자",-,-
"20 ~ 24세","2018","유방암","여자",-,-
"20 ~ 24세","2018","자궁경부암","합계",677586,170449
"20 ~ 24세","2018","자궁경부암","남자",-,-
"20 ~ 24세","2018","자궁경부암","여자",677586,170449
"20 ~ 24세","2019","계","합계",616456,184179
"20 ~ 24세","2019","계","남자",-,-
"20 ~ 24세","2019","계","여자",616456,184179
"20 ~ 24세","2019","위암","합계",-,-
"20 ~ 24세","2019","위암","남자",-,-
"20 ~ 24세","2019","위암","여자",-,-
"20 ~ 24세","2019","대장암","합계",-,-
"20 ~ 24세","2019","대장암","남자",-,-
"20 ~ 24세","2019","대장암","여자",-,-
"20 ~ 24세","2019","간암","합계",-,-
"20 ~ 24세","2019","간암","남자",-,-
"20 ~ 24세","2019","간암","여자",-,-
"20 ~ 24세","2019","유방암","합계",-,-
"20 ~ 24세","2019","유방암","남자",-,-
"20 ~ 24세","2019","유방암","여자",-,-
"20 ~ 24세","2019","자궁경부암","합계",616456,184179
"20 ~ 24세","2019","자궁경부암","남자",-,-
"20 ~ 24세","2019","자궁경부암","여자",616456,184179
"25 ~ 29세","2016","계","합계",509967,196687
"25 ~ 29세","2016","계","남자",-,-
"25 ~ 29세","2016","계","여자",509967,196687
"25 ~ 29세","2016","위암","합계",-,-
"25 ~ 29세","2016","위암","남자",-,-
"25 ~ 29세","2016","위암","여자",-,-
"25 ~ 29세","2016","대장암","합계",-,-
"25 ~ 29세","2016","대장암","남자",-,-
"25 ~ 29세","2016","대장암","여자",-,-
"25 ~ 29세","2016","간암","합계",-,-
"25 ~ 29세","2016","간암","남자",-,-
"25 ~ 29세","2016","간암","여자",-,-
"25 ~ 29세","2016","유방암","합계",-,-
"25 ~ 29세","2016","유방암","남자",-,-
"25 ~ 29세","2016","유방암","여자",-,-
"25 ~ 29세","2016","자궁경부암","합계",509967,196687
"25 ~ 29세","2016","자궁경부암","남자",-,-
"25 ~ 29세","2016","자궁경부암","여자",509967,196687
"25 ~ 29세","2017","계","합계",570046,251231
"25 ~ 29세","2017","계","남자",-,-
"25 ~ 29세","2017","계","여자",570046,251231
"25 ~ 29세","2017","위암","합계",-,-
"25 ~ 29세","2017","위암","남자",-,-
"25 ~ 29세","2017","위암","여자",-,-
"25 ~ 29세","2017","대장암","합계",-,-
"25 ~ 29세","2017","대장암","남자",-,-
"25 ~ 29세","2017","대장암","여자",-,-
"25 ~ 29세","2017","간암","합계",-,-
"25 ~ 29세","2017","간암","남자",-,-
"25 ~ 29세","2017","간암","여자",-,-
"25 ~ 29세","2017","유방암","합계",-,-
"25 ~ 29세","2017","유방암","남자",-,-
"25 ~ 29세","2017","유방암","여자",-,-
"25 ~ 29세","2017","자궁경부암","합계",570046,251231
"25 ~ 29세","2017","자궁경부암","남자",-,-
"25 ~ 29세","2017","자궁경부암","여자",570046,251231
"25 ~ 29세","2018","계","합계",540447,254467
"25 ~ 29세","2018","계","남자",-,-
"25 ~ 29세","2018","계","여자",540447,254467
"25 ~ 29세","2018","위암","합계",-,-
"25 ~ 29세","2018","위암","남자",-,-
"25 ~ 29세","2018","위암","여자",-,-
"25 ~ 29세","2018","대장암","합계",-,-
"25 ~ 29세","2018","대장암","남자",-,-
"25 ~ 29세","2018","대장암","여자",-,-
"25 ~ 29세","2018","간암","합계",-,-
"25 ~ 29세","2018","간암","남자",-,-
"25 ~ 29세","2018","간암","여자",-,-
"25 ~ 29세","2018","유방암","합계",-,-
"25 ~ 29세","2018","유방암","남자",-,-
"25 ~ 29세","2018","유방암","여자",-,-
"25 ~ 29세","2018","자궁경부암","합계",540447,254467
"25 ~ 29세","2018","자궁경부암","남자",-,-
"25 ~ 29세","2018","자궁경부암","여자",540447,254467
"25 ~ 29세","2019","계","합계",515270,276703
"25 ~ 29세","2019","계","남자",-,-
"25 ~ 29세","2019","계","여자",515270,276703
"25 ~ 29세","2019","위암","합계",-,-
"25 ~ 29세","2019","위암","남자",-,-
"25 ~ 29세","2019","위암","여자",-,-
"25 ~ 29세","2019","대장암","합계",-,-
"25 ~ 29세","2019","대장암","남자",-,-
"25 ~ 29세","2019","대장암","여자",-,-
"25 ~ 29세","2019","간암","합계",-,-
"25 ~ 29세","2019","간암","남자",-,-
"25 ~ 29세","2019","간암","여자",-,-
"25 ~ 29세","2019","유방암","합계",-,-
"25 ~ 29세","2019","유방암","남자",-,-
"25 ~ 29세","2019","유방암","여자",-,-
"25 ~ 29세","2019","자궁경부암","합계",515270,276703
"25 ~ 29세","2019","자궁경부암","남자",-,-
"25 ~ 29세","2019","자궁경부암","여자",515270,276703
"30 ~ 34세","2010","계","합계",487487,129509
"30 ~ 34세","2010","계","남자",-,-
"30 ~ 34세","2010","계","여자",487487,129509
"30 ~ 34세","2010","위암","합계",-,-
"30 ~ 34세","2010","위암","남자",-,-
"30 ~ 34세","2010","위암","여자",-,-
"30 ~ 34세","2010","대장암","합계",-,-
"30 ~ 34세","2010","대장암","남자",-,-
"30 ~ 34세","2010","대장암","여자",-,-
"30 ~ 34세","2010","간암","합계",-,-
"30 ~ 34세","2010","간암","남자",-,-
"30 ~ 34세","2010","간암","여자",-,-
"30 ~ 34세","2010","유방암","합계",-,-
"30 ~ 34세","2010","유방암","남자",-,-
"30 ~ 34세","2010","유방암","여자",-,-
"30 ~ 34세","2010","자궁경부암","합계",487487,129509
"30 ~ 34세","2010","자궁경부암","남자",-,-
"30 ~ 34세","2010","자궁경부암","여자",487487,129509
"30 ~ 34세","2011","계","합계",615279,254831
"30 ~ 34세","2011","계","남자",-,-
"30 ~ 34세","2011","계","여자",615279,254831
"30 ~ 34세","2011","위암","합계",-,-
"30 ~ 34세","2011","위암","남자",-,-
"30 ~ 34세","2011","위암","여자",-,-
"30 ~ 34세","2011","대장암","합계",-,-
"30 ~ 34세","2011","대장암","남자",-,-
"30 ~ 34세","2011","대장암","여자",-,-
"30 ~ 34세","2011","간암","합계",-,-
"30 ~ 34세","2011","간암","남자",-,-
"30 ~ 34세","2011","간암","여자",-,-
"30 ~ 34세","2011","유방암","합계",-,-
"30 ~ 34세","2011","유방암","남자",-,-
"30 ~ 34세","2011","유방암","여자",-,-
"30 ~ 34세","2011","자궁경부암","합계",615279,254831
"30 ~ 34세","2011","자궁경부암","남자",-,-
"30 ~ 34세","2011","자궁경부암","여자",615279,254831
"30 ~ 34세","2012","계","합계",1106556,306849
"30 ~ 34세","2012","계","남자",-,-
"30 ~ 34세","2012","계","여자",1106556,306849
"30 ~ 34세","2012","위암","합계",-,-
"30 ~ 34세","2012","위암","남자",-,-
"30 ~ 34세","2012","위암","여자",-,-
"30 ~ 34세","2012","대장암","합계",-,-
"30 ~ 34세","2012","대장암","남자",-,-
"30 ~ 34세","2012","대장암","여자",-,-
"30 ~ 34세","2012","간암","합계",-,-
"30 ~ 34세","2012","간암","남자",-,-
"30 ~ 34세","2012","간암","여자",-,-
"30 ~ 34세","2012","유방암","합계",-,-
"30 ~ 34세","2012","유방암","남자",-,-
"30 ~ 34세","2012","유방암","여자",-,-
"30 ~ 34세","2012","자궁경부암","합계",1106556,306849
"30 ~ 34세","2012","자궁경부암","남자",-,-
"30 ~ 34세","2012","자궁경부암","여자",1106556,306849
"30 ~ 34세","2013","계","합계",990443,364294
"30 ~ 34세","2013","계","남자",-,-
"30 ~ 34세","2013","계","여자",990443,364294
"30 ~ 34세","2013","위암","합계",-,-
"30 ~ 34세","2013","위암","남자",-,-
"30 ~ 34세","2013","위암","여자",-,-
"30 ~ 34세","2013","대장암","합계",-,-
"30 ~ 34세","2013","대장암","남자",-,-
"30 ~ 34세","2013","대장암","여자",-,-
"30 ~ 34세","2013","간암","합계",-,-
"30 ~ 34세","2013","간암","남자",-,-
"30 ~ 34세","2013","간암","여자",-,-
"30 ~ 34세","2013","유방암","합계",-,-
"30 ~ 34세","2013","유방암","남자",-,-
"30 ~ 34세","2013","유방암","여자",-,-
"30 ~ 34세","2013","자궁경부암","합계",990443,364294
"30 ~ 34세","2013","자궁경부암","남자",-,-
"30 ~ 34세","2013","자궁경부암","여자",990443,364294
"30 ~ 34세","2014","계","합계",952550,404738
"30 ~ 34세","2014","계","남자",0,0
"30 ~ 34세","2014","계","여자",952550,404738
"30 ~ 34세","2014","위암","합계",0,0
"30 ~ 34세","2014","위암","남자",0,0
"30 ~ 34세","2014","위암","여자",0,0
"30 ~ 34세","2014","대장암","합계",0,0
"30 ~ 34세","2014","대장암","남자",0,0
"30 ~ 34세","2014","대장암","여자",0,0
"30 ~ 34세","2014","간암","합계",0,0
"30 ~ 34세","2014","간암","남자",0,0
"30 ~ 34세","2014","간암","여자",0,0
"30 ~ 34세","2014","유방암","합계",0,0
"30 ~ 34세","2014","유방암","남자",0,0
"30 ~ 34세","2014","유방암","여자",0,0
"30 ~ 34세","2014","자궁경부암","합계",952550,404738
"30 ~ 34세","2014","자궁경부암","남자",0,0
"30 ~ 34세","2014","자궁경부암","여자",952550,404738
"30 ~ 34세","2015","계","합계",934426,441708
"30 ~ 34세","2015","계","여자",934426,441708
"30 ~ 34세","2015","자궁경부암","합계",934426,441708
"30 ~ 34세","2015","자궁경부암","여자",934426,441708
"30 ~ 34세","2016","계","합계",905536,472786
"30 ~ 34세","2016","계","남자",-,-
"30 ~ 34세","2016","계","여자",905536,472786
"30 ~ 34세","2016","위암","합계",-,-
"30 ~ 34세","2016","위암","남자",-,-
"30 ~ 34세","2016","위암","여자",-,-
"30 ~ 34세","2016","대장암","합계",-,-
"30 ~ 34세","2016","대장암","남자",-,-
"30 ~ 34세","2016","대장암","여자",-,-
"30 ~ 34세","2016","간암","합계",-,-
"30 ~ 34세","2016","간암","남자",-,-
"30 ~ 34세","2016","간암","여자",-,-
"30 ~ 34세","2016","유방암","합계",-,-
"30 ~ 34세","2016","유방암","남자",-,-
"30 ~ 34세","2016","유방암","여자",-,-
"30 ~ 34세","2016","자궁경부암","합계",905536,472786
"30 ~ 34세","2016","자궁경부암","남자",-,-
"30 ~ 34세","2016","자궁경부암","여자",905536,472786
"30 ~ 34세","2017","계","합계",880770,482125
"30 ~ 34세","2017","계","남자",-,-
"30 ~ 34세","2017","계","여자",880770,482125
"30 ~ 34세","2017","위암","합계",-,-
"30 ~ 34세","2017","위암","남자",-,-
"30 ~ 34세","2017","위암","여자",-,-
"30 ~ 34세","2017","대장암","합계",-,-
"30 ~ 34세","2017","대장암","남자",-,-
"30 ~ 34세","2017","대장암","여자",-,-
"30 ~ 34세","2017","간암","합계",-,-
"30 ~ 34세","2017","간암","남자",-,-
"30 ~ 34세","2017","간암","여자",-,-
"30 ~ 34세","2017","유방암","합계",-,-
"30 ~ 34세","2017","유방암","남자",-,-
"30 ~ 34세","2017","유방암","여자",-,-
"30 ~ 34세","2017","자궁경부암","합계",880770,482125
"30 ~ 34세","2017","자궁경부암","남자",-,-
"30 ~ 34세","2017","자궁경부암","여자",880770,482125
"30 ~ 34세","2018","계","합계",803023,473501
"30 ~ 34세","2018","계","남자",-,-
"30 ~ 34세","2018","계","여자",803023,473501
"30 ~ 34세","2018","위암","합계",-,-
"30 ~ 34세","2018","위암","남자",-,-
"30 ~ 34세","2018","위암","여자",-,-
"30 ~ 34세","2018","대장암","합계",-,-
"30 ~ 34세","2018","대장암","남자",-,-
"30 ~ 34세","2018","대장암","여자",-,-
"30 ~ 34세","2018","간암","합계",-,-
"30 ~ 34세","2018","간암","남자",-,-
"30 ~ 34세","2018","간암","여자",-,-
"30 ~ 34세","2018","유방암","합계",-,-
"30 ~ 34세","2018","유방암","남자",-,-
"30 ~ 34세","2018","유방암","여자",-,-
"30 ~ 34세","2018","자궁경부암","합계",803023,473501
"30 ~ 34세","2018","자궁경부암","남자",-,-
"30 ~ 34세","2018","자궁경부암","여자",803023,473501
"30 ~ 34세","2019","계","합계",781246,496289
"30 ~ 34세","2019","계","남자",-,-
"30 ~ 34세","2019","계","여자",781246,496289
"30 ~ 34세","2019","위암","합계",-,-
"30 ~ 34세","2019","위암","남자",-,-
"30 ~ 34세","2019","위암","여자",-,-
"30 ~ 34세","2019","대장암","합계",-,-
"30 ~ 34세","2019","대장암","남자",-,-
"30 ~ 34세","2019","대장암","여자",-,-
"30 ~ 34세","2019","간암","합계",-,-
"30 ~ 34세","2019","간암","남자",-,-
"30 ~ 34세","2019","간암","여자",-,-
"30 ~ 34세","2019","유방암","합계",-,-
"30 ~ 34세","2019","유방암","남자",-,-
"30 ~ 34세","2019","유방암","여자",-,-
"30 ~ 34세","2019","자궁경부암","합계",781246,496289
"30 ~ 34세","2019","자궁경부암","남자",-,-
"30 ~ 34세","2019","자궁경부암","여자",781246,496289
"35 ~ 39세","2010","계","합계",428174,144880
"35 ~ 39세","2010","계","남자",-,-
"35 ~ 39세","2010","계","여자",428174,144880
"35 ~ 39세","2010","위암","합계",-,-
"35 ~ 39세","2010","위암","남자",-,-
"35 ~ 39세","2010","위암","여자",-,-
"35 ~ 39세","2010","대장암","합계",-,-
"35 ~ 39세","2010","대장암","남자",-,-
"35 ~ 39세","2010","대장암","여자",-,-
"35 ~ 39세","2010","간암","합계",-,-
"35 ~ 39세","2010","간암","남자",-,-
"35 ~ 39세","2010","간암","여자",-,-
"35 ~ 39세","2010","유방암","합계",-,-
"35 ~ 39세","2010","유방암","남자",-,-
"35 ~ 39세","2010","유방암","여자",-,-
"35 ~ 39세","2010","자궁경부암","합계",428174,144880
"35 ~ 39세","2010","자궁경부암","남자",-,-
"35 ~ 39세","2010","자궁경부암","여자",428174,144880
"35 ~ 39세","2011","계","합계",488731,248566
"35 ~ 39세","2011","계","남자",-,-
"35 ~ 39세","2011","계","여자",488731,248566
"35 ~ 39세","2011","위암","합계",-,-
"35 ~ 39세","2011","위암","남자",-,-
"35 ~ 39세","2011","위암","여자",-,-
"35 ~ 39세","2011","대장암","합계",-,-
"35 ~ 39세","2011","대장암","남자",-,-
"35 ~ 39세","2011","대장암","여자",-,-
"35 ~ 39세","2011","간암","합계",-,-
"35 ~ 39세","2011","간암","남자",-,-
"35 ~ 39세","2011","간암","여자",-,-
"35 ~ 39세","2011","유방암","합계",-,-
"35 ~ 39세","2011","유방암","남자",-,-
"35 ~ 39세","2011","유방암","여자",-,-
"35 ~ 39세","2011","자궁경부암","합계",488731,248566
"35 ~ 39세","2011","자궁경부암","남자",-,-
"35 ~ 39세","2011","자궁경부암","여자",488731,248566
"35 ~ 39세","2012","계","합계",775269,269886
"35 ~ 39세","2012","계","남자",-,-
"35 ~ 39세","2012","계","여자",775269,269886
"35 ~ 39세","2012","위암","합계",-,-
"35 ~ 39세","2012","위암","남자",-,-
"35 ~ 39세","2012","위암","여자",-,-
"35 ~ 39세","2012","대장암","합계",-,-
"35 ~ 39세","2012","대장암","남자",-,-
"35 ~ 39세","2012","대장암","여자",-,-
"35 ~ 39세","2012","간암","합계",-,-
"35 ~ 39세","2012","간암","남자",-,-
"35 ~ 39세","2012","간암","여자",-,-
"35 ~ 39세","2012","유방암","합계",-,-
"35 ~ 39세","2012","유방암","남자",-,-
"35 ~ 39세","2012","유방암","여자",-,-
"35 ~ 39세","2012","자궁경부암","합계",775269,269886
"35 ~ 39세","2012","자궁경부암","남자",-,-
"35 ~ 39세","2012","자궁경부암","여자",775269,269886
"35 ~ 39세","2013","계","합계",667375,273385
"35 ~ 39세","2013","계","남자",-,-
"35 ~ 39세","2013","계","여자",667375,273385
"35 ~ 39세","2013","위암","합계",-,-
"35 ~ 39세","2013","위암","남자",-,-
"35 ~ 39세","2013","위암","여자",-,-
"35 ~ 39세","2013","대장암","합계",-,-
"35 ~ 39세","2013","대장암","남자",-,-
"35 ~ 39세","2013","대장암","여자",-,-
"35 ~ 39세","2013","간암","합계",-,-
"35 ~ 39세","2013","간암","남자",-,-
"35 ~ 39세","2013","간암","여자",-,-
"35 ~ 39세","2013","유방암","합계",-,-
"35 ~ 39세","2013","유방암","남자",-,-
"35 ~ 39세","2013","유방암","여자",-,-
"35 ~ 39세","2013","자궁경부암","합계",667375,273385
"35 ~ 39세","2013","자궁경부암","남자",-,-
"35 ~ 39세","2013","자궁경부암","여자",667375,273385
"35 ~ 39세","2014","계","합계",622102,289791
"35 ~ 39세","2014","계","남자",0,0
"35 ~ 39세","2014","계","여자",622102,289791
"35 ~ 39세","2014","위암","합계",0,0
"35 ~ 39세","2014","위암","남자",0,0
"35 ~ 39세","2014","위암","여자",0,0
"35 ~ 39세","2014","대장암","합계",0,0
"35 ~ 39세","2014","대장암","남자",0,0
"35 ~ 39세","2014","대장암","여자",0,0
"35 ~ 39세","2014","간암","합계",0,0
"35 ~ 39세","2014","간암","남자",0,0
"35 ~ 39세","2014","간암","여자",0,0
"35 ~ 39세","2014","유방암","합계",0,0
"35 ~ 39세","2014","유방암","남자",0,0
"35 ~ 39세","2014","유방암","여자",0,0
"35 ~ 39세","2014","자궁경부암","합계",622102,289791
"35 ~ 39세","2014","자궁경부암","남자",0,0
"35 ~ 39세","2014","자궁경부암","여자",622102,289791
"35 ~ 39세","2015","계","합계",693688,348864
"35 ~ 39세","2015","계","여자",693688,348864
"35 ~ 39세","2015","자궁경부암","합계",693688,348864
"35 ~ 39세","2015","자궁경부암","여자",693688,348864
"35 ~ 39세","2016","계","합계",685108,372339
"35 ~ 39세","2016","계","남자",-,-
"35 ~ 39세","2016","계","여자",685108,372339
"35 ~ 39세","2016","위암","합계",-,-
"35 ~ 39세","2016","위암","남자",-,-
"35 ~ 39세","2016","위암","여자",-,-
"35 ~ 39세","2016","대장암","합계",-,-
"35 ~ 39세","2016","대장암","남자",-,-
"35 ~ 39세","2016","대장암","여자",-,-
"35 ~ 39세","2016","간암","합계",-,-
"35 ~ 39세","2016","간암","남자",-,-
"35 ~ 39세","2016","간암","여자",-,-
"35 ~ 39세","2016","유방암","합계",-,-
"35 ~ 39세","2016","유방암","남자",-,-
"35 ~ 39세","2016","유방암","여자",-,-
"35 ~ 39세","2016","자궁경부암","합계",685108,372339
"35 ~ 39세","2016","자궁경부암","남자",-,-
"35 ~ 39세","2016","자궁경부암","여자",685108,372339
"35 ~ 39세","2017","계","합계",744400,421921
"35 ~ 39세","2017","계","남자",-,-
"35 ~ 39세","2017","계","여자",744400,421921
"35 ~ 39세","2017","위암","합계",-,-
"35 ~ 39세","2017","위암","남자",-,-
"35 ~ 39세","2017","위암","여자",-,-
"35 ~ 39세","2017","대장암","합계",-,-
"35 ~ 39세","2017","대장암","남자",-,-
"35 ~ 39세","2017","대장암","여자",-,-
"35 ~ 39세","2017","간암","합계",-,-
"35 ~ 39세","2017","간암","남자",-,-
"35 ~ 39세","2017","간암","여자",-,-
"35 ~ 39세","2017","유방암","합계",-,-
"35 ~ 39세","2017","유방암","남자",-,-
"35 ~ 39세","2017","유방암","여자",-,-
"35 ~ 39세","2017","자궁경부암","합계",744400,421921
"35 ~ 39세","2017","자궁경부암","남자",-,-
"35 ~ 39세","2017","자궁경부암","여자",744400,421921
"35 ~ 39세","2018","계","합계",727507,445941
"35 ~ 39세","2018","계","남자",-,-
"35 ~ 39세","2018","계","여자",727507,445941
"35 ~ 39세","2018","위암","합계",-,-
"35 ~ 39세","2018","위암","남자",-,-
"35 ~ 39세","2018","위암","여자",-,-
"35 ~ 39세","2018","대장암","합계",-,-
"35 ~ 39세","2018","대장암","남자",-,-
"35 ~ 39세","2018","대장암","여자",-,-
"35 ~ 39세","2018","간암","합계",-,-
"35 ~ 39세","2018","간암","남자",-,-
"35 ~ 39세","2018","간암","여자",-,-
"35 ~ 39세","2018","유방암","합계",-,-
"35 ~ 39세","2018","유방암","남자",-,-
"35 ~ 39세","2018","유방암","여자",-,-
"35 ~ 39세","2018","자궁경부암","합계",727507,445941
"35 ~ 39세","2018","자궁경부암","남자",-,-
"35 ~ 39세","2018","자궁경부암","여자",727507,445941
"35 ~ 39세","2019","계","합계",690878,448150
"35 ~ 39세","2019","계","남자",-,-
"35 ~ 39세","2019","계","여자",690878,448150
"35 ~ 39세","2019","위암","합계",-,-
"35 ~ 39세","2019","위암","남자",-,-
"35 ~ 39세","2019","위암","여자",-,-
"35 ~ 39세","2019","대장암","합계",-,-
"35 ~ 39세","2019","대장암","남자",-,-
"35 ~ 39세","2019","대장암","여자",-,-
"35 ~ 39세","2019","간암","합계",-,-
"35 ~ 39세","2019","간암","남자",-,-
"35 ~ 39세","2019","간암","여자",-,-
"35 ~ 39세","2019","유방암","합계",-,-
"35 ~ 39세","2019","유방암","남자",-,-
"35 ~ 39세","2019","유방암","여자",-,-
"35 ~ 39세","2019","자궁경부암","합계",690878,448150
"35 ~ 39세","2019","자궁경부암","남자",-,-
"35 ~ 39세","2019","자궁경부암","여자",690878,448150
"40 ~ 44세","2010","계","합계",2472752,1068431
"40 ~ 44세","2010","계","남자",1298182,430357
"40 ~ 44세","2010","계","여자",1174570,638074
"40 ~ 44세","2010","위암","합계",2434592,943866
"40 ~ 44세","2010","위암","남자",1288553,422169
"40 ~ 44세","2010","위암","여자",1146039,521697
"40 ~ 44세","2010","대장암","합계",-,-
"40 ~ 44세","2010","대장암","남자",-,-
"40 ~ 44세","2010","대장암","여자",-,-
"40 ~ 44세","2010","간암","합계",106815,45638
"40 ~ 44세","2010","간암","남자",77087,29894
"40 ~ 44세","2010","간암","여자",29728,15744
"40 ~ 44세","2010","유방암","합계",1135600,553841
"40 ~ 44세","2010","유방암","남자",-,-
"40 ~ 44세","2010","유방암","여자",1135600,553841
"40 ~ 44세","2010","자궁경부암","합계",1126986,498978
"40 ~ 44세","2010","자궁경부암","남자",-,-
"40 ~ 44세","2010","자궁경부암","여자",1126986,498978
"40 ~ 44세","2011","계","합계",2642773,1189992
"40 ~ 44세","2011","계","남자",1322966,476663
"40 ~ 44세","2011","계","여자",1319807,713329
"40 ~ 44세","2011","위암","합계",2590544,1054375
"40 ~ 44세","2011","위암","남자",1301467,466194
"40 ~ 44세","2011","위암","여자",1289077,588181
"40 ~ 44세","2011","대장암","합계",-,-
"40 ~ 44세","2011","대장암","남자",-,-
"40 ~ 44세","2011","대장암","여자",-,-
"40 ~ 44세","2011","간암","합계",148017,64719
"40 ~ 44세","2011","간암","남자",99386,39162
"40 ~ 44세","2011","간암","여자",48631,25557
"40 ~ 44세","2011","유방암","합계",1290670,617512
"40 ~ 44세","2011","유방암","남자",-,-
"40 ~ 44세","2011","유방암","여자",1290670,617512
"40 ~ 44세","2011","자궁경부암","합계",1300429,590837
"40 ~ 44세","2011","자궁경부암","남자",-,-
"40 ~ 44세","2011","자궁경부암","여자",1300429,590837
"40 ~ 44세","2012","계","합계",2398051,1206765
"40 ~ 44세","2012","계","남자",1219121,489194
"40 ~ 44세","2012","계","여자",1178930,717571
"40 ~ 44세","2012","위암","합계",2294502,1061053
"40 ~ 44세","2012","위암","남자",1170992,472871
"40 ~ 44세","2012","위암","여자",1123510,588182
"40 ~ 44세","2012","대장암","합계",-,-
"40 ~ 44세","2012","대장암","남자",-,-
"40 ~ 44세","2012","대장암","여자",-,-
"40 ~ 44세","2012","간암","합계",172947,72869
"40 ~ 44세","2012","간암","남자",107617,41744
"40 ~ 44세","2012","간암","여자",65330,31125
"40 ~ 44세","2012","유방암","합계",1121263,616891
"40 ~ 44세","2012","유방암","남자",-,-
"40 ~ 44세","2012","유방암","여자",1121263,616891
"40 ~ 44세","2012","자궁경부암","합계",1113341,587638
"40 ~ 44세","2012","자궁경부암","남자",-,-
"40 ~ 44세","2012","자궁경부암","여자",1113341,587638
"40 ~ 44세","2013","계","합계",2449988,1278333
"40 ~ 44세","2013","계","남자",1233834,525929
"40 ~ 44세","2013","계","여자",1216154,752404
"40 ~ 44세","2013","위암","합계",2349685,1111684
"40 ~ 44세","2013","위암","남자",1194717,507734
"40 ~ 44세","2013","위암","여자",1154968,603950
"40 ~ 44세","2013","대장암","합계",-,-
"40 ~ 44세","2013","대장암","남자",-,-
"40 ~ 44세","2013","대장암","여자",-,-
"40 ~ 44세","2013","간암","합계",153871,77104
"40 ~ 44세","2013","간암","남자",94338,44374
"40 ~ 44세","2013","간암","여자",59533,32730
"40 ~ 44세","2013","유방암","합계",1163132,638204
"40 ~ 44세","2013","유방암","남자",-,-
"40 ~ 44세","2013","유방암","여자",1163132,638204
"40 ~ 44세","2013","자궁경부암","합계",1160966,622644
"40 ~ 44세","2013","자궁경부암","남자",-,-
"40 ~ 44세","2013","자궁경부암","여자",1160966,622644
"40 ~ 44세","2014","계","합계",2372455,1301538
"40 ~ 44세","2014","계","남자",1200388,539070
"40 ~ 44세","2014","계","여자",1172067,762468
"40 ~ 44세","2014","위암","합계",2264514,1123795
"40 ~ 44세","2014","위암","남자",1160645,519381
"40 ~ 44세","2014","위암","여자",1103869,604414
"40 ~ 44세","2014","대장암","합계",0,0
"40 ~ 44세","2014","대장암","남자",0,0
"40 ~ 44세","2014","대장암","여자",0,0
"40 ~ 44세","2014","간암","합계",148937,79222
"40 ~ 44세","2014","간암","남자",91844,46169
"40 ~ 44세","2014","간암","여자",57093,33053
"40 ~ 44세","2014","유방암","합계",1112609,637155
"40 ~ 44세","2014","유방암","남자",0,0
"40 ~ 44세","2014","유방암","여자",1112609,637155
"40 ~ 44세","2014","자궁경부암","합계",1113372,630837
"40 ~ 44세","2014","자궁경부암","남자",0,0
"40 ~ 44세","2014","자궁경부암","여자",1113372,630837
"40 ~ 44세","2015","계","합계",2353002,1382343
"40 ~ 44세","2015","계","남자",1177740,584494
"40 ~ 44세","2015","계","여자",1175262,797849
"40 ~ 44세","2015","위암","합계",2243793,1188528
"40 ~ 44세","2015","위암","남자",1138797,563515
"40 ~ 44세","2015","위암","여자",1104996,625013
"40 ~ 44세","2015","간암","합계",148186,83621
"40 ~ 44세","2015","간암","남자",92232,49511
"40 ~ 44세","2015","간암","여자",55954,34110
"40 ~ 44세","2015","유방암","합계",1113827,663353
"40 ~ 44세","2015","유방암","여자",1113827,663353
"40 ~ 44세","2015","자궁경부암","합계",1116485,660062
"40 ~ 44세","2015","자궁경부암","여자",1116485,660062
"40 ~ 44세","2016","계","합계",2285517,1417877
"40 ~ 44세","2016","계","남자",1147590,607476
"40 ~ 44세","2016","계","여자",1137927,810401
"40 ~ 44세","2016","위암","합계",2188924,1225682
"40 ~ 44세","2016","위암","남자",1119281,587040
"40 ~ 44세","2016","위암","여자",1069643,638642
"40 ~ 44세","2016","대장암","합계",-,-
"40 ~ 44세","2016","대장암","남자",-,-
"40 ~ 44세","2016","대장암","여자",-,-
"40 ~ 44세","2016","간암","합계",111348,74596
"40 ~ 44세","2016","간암","남자",67059,42925
"40 ~ 44세","2016","간암","여자",44289,31671
"40 ~ 44세","2016","유방암","합계",1075956,669825
"40 ~ 44세","2016","유방암","남자",-,-
"40 ~ 44세","2016","유방암","여자",1075956,669825
"40 ~ 44세","2016","자궁경부암","합계",1079403,669691
"40 ~ 44세","2016","자궁경부암","남자",-,-
"40 ~ 44세","2016","자궁경부암","여자",1079403,669691
"40 ~ 44세","2017","계","합계",2236876,1430976
"40 ~ 44세","2017","계","남자",1103981,606864
"40 ~ 44세","2017","계","여자",1132895,824112
"40 ~ 44세","2017","위암","합계",2140213,1229623
"40 ~ 44세","2017","위암","남자",1076051,586105
"40 ~ 44세","2017","위암","여자",1064162,643518
"40 ~ 44세","2017","대장암","합계",-,-
"40 ~ 44세","2017","대장암","남자",-,-
"40 ~ 44세","2017","대장암","여자",-,-
"40 ~ 44세","2017","간암","합계",104652,71937
"40 ~ 44세","2017","간암","남자",63121,41466
"40 ~ 44세","2017","간암","여자",41531,30471
"40 ~ 44세","2017","유방암","합계",1071449,678390
"40 ~ 44세","2017","유방암","남자",-,-
"40 ~ 44세","2017","유방암","여자",1071449,678390
"40 ~ 44세","2017","자궁경부암","합계",1078378,684336
"40 ~ 44세","2017","자궁경부암","남자",-,-
"40 ~ 44세","2017","자궁경부암","여자",1078378,684336
"40 ~ 44세","2018","계","합계",2066614,1387331
"40 ~ 44세","2018","계","남자",1023904,607179
"40 ~ 44세","2018","계","여자",1042710,780152
"40 ~ 44세","2018","위암","합계",1959079,1178450
"40 ~ 44세","2018","위암","남자",995936,584521
"40 ~ 44세","2018","위암","여자",963143,593929
"40 ~ 44세","2018","대장암","합계",-,-
"40 ~ 44세","2018","대장암","남자",-,-
"40 ~ 44세","2018","대장암","여자",-,-
"40 ~ 44세","2018","간암","합계",107540,78652
"40 ~ 44세","2018","간암","남자",64073,45366
"40 ~ 44세","2018","간암","여자",43467,33286
"40 ~ 44세","2018","유방암","합계",972306,630115
"40 ~ 44세","2018","유방암","남자",-,-
"40 ~ 44세","2018","유방암","여자",972306,630115
"40 ~ 44세","2018","자궁경부암","합계",980103,642735
"40 ~ 44세","2018","자궁경부암","남자",-,-
"40 ~ 44세","2018","자궁경부암","여자",980103,642735
"40 ~ 44세","2019","계","합계",2150206,1479604
"40 ~ 44세","2019","계","남자",1049532,642708
"40 ~ 44세","2019","계","여자",1100674,836896
"40 ~ 44세","2019","위암","합계",2043537,1259330
"40 ~ 44세","2019","위암","남자",1023321,620168
"40 ~ 44세","2019","위암","여자",1020216,639162
"40 ~ 44세","2019","대장암","합계",-,-
"40 ~ 44세","2019","대장암","남자",-,-
"40 ~ 44세","2019","대장암","여자",-,-
"40 ~ 44세","2019","간암","합계",103756,78083
"40 ~ 44세","2019","간암","남자",61604,45000
"40 ~ 44세","2019","간암","여자",42152,33083
"40 ~ 44세","2019","유방암","합계",1026482,676068
"40 ~ 44세","2019","유방암","남자",-,-
"40 ~ 44세","2019","유방암","여자",1026482,676068
"40 ~ 44세","2019","자궁경부암","합계",1037704,687441
"40 ~ 44세","2019","자궁경부암","남자",-,-
"40 ~ 44세","2019","자궁경부암","여자",1037704,687441
"45 ~ 49세","2010","계","합계",1910253,800975
"45 ~ 49세","2010","계","남자",1036032,324008
"45 ~ 49세","2010","계","여자",874221,476967
"45 ~ 49세","2010","위암","합계",1858609,692756
"45 ~ 49세","2010","위암","남자",1025575,315061
"45 ~ 49세","2010","위암","여자",833034,377695
"45 ~ 49세","2010","대장암","합계",-,-
"45 ~ 49세","2010","대장암","남자",-,-
"45 ~ 49세","2010","대장암","여자",-,-
"45 ~ 49세","2010","간암","합계",98563,39812
"45 ~ 49세","2010","간암","남자",74462,27359
"45 ~ 49세","2010","간암","여자",24101,12453
"45 ~ 49세","2010","유방암","합계",820014,398491
"45 ~ 49세","2010","유방암","남자",-,-
"45 ~ 49세","2010","유방암","여자",820014,398491
"45 ~ 49세","2010","자궁경부암","합계",834366,360553
"45 ~ 49세","2010","자궁경부암","남자",-,-
"45 ~ 49세","2010","자궁경부암","여자",834366,360553
"45 ~ 49세","2011","계","합계",1774132,829040
"45 ~ 49세","2011","계","남자",898438,334851
"45 ~ 49세","2011","계","여자",875694,494189
"45 ~ 49세","2011","위암","합계",1713471,727778
"45 ~ 49세","2011","위암","남자",873379,325428
"45 ~ 49세","2011","위암","여자",840092,402350
"45 ~ 49세","2011","대장암","합계",-,-
"45 ~ 49세","2011","대장암","남자",-,-
"45 ~ 49세","2011","대장암","여자",-,-
"45 ~ 49세","2011","간암","합계",111679,44787
"45 ~ 49세","2011","간암","남자",81830,29607
"45 ~ 49세","2011","간암","여자",29849,15180
"45 ~ 49세","2011","유방암","합계",849523,425387
"45 ~ 49세","2011","유방암","남자",-,-
"45 ~ 49세","2011","유방암","여자",849523,425387
"45 ~ 49세","2011","자궁경부암","합계",837227,388962
"45 ~ 49세","2011","자궁경부암","남자",-,-
"45 ~ 49세","2011","자궁경부암","여자",837227,388962
"45 ~ 49세","2012","계","합계",1637197,799305
"45 ~ 49세","2012","계","남자",858367,328827
"45 ~ 49세","2012","계","여자",778830,470478
"45 ~ 49세","2012","위암","합계",1514251,687705
"45 ~ 49세","2012","위암","남자",798737,311545
"45 ~ 49세","2012","위암","여자",715514,376160
"45 ~ 49세","2012","대장암","합계",-,-
"45 ~ 49세","2012","대장암","남자",-,-
"45 ~ 49세","2012","대장암","여자",-,-
"45 ~ 49세","2012","간암","합계",158409,57525
"45 ~ 49세","2012","간암","남자",101873,34532
"45 ~ 49세","2012","간암","여자",56536,22993
"45 ~ 49세","2012","유방암","합계",720467,394599
"45 ~ 49세","2012","유방암","남자",-,-
"45 ~ 49세","2012","유방암","여자",720467,394599
"45 ~ 49세","2012","자궁경부암","합계",710826,370036
"45 ~ 49세","2012","자궁경부암","남자",-,-
"45 ~ 49세","2012","자궁경부암","여자",710826,370036
"45 ~ 49세","2013","계","합계",1603453,817130
"45 ~ 49세","2013","계","남자",796730,324194
"45 ~ 49세","2013","계","여자",806723,492936
"45 ~ 49세","2013","위암","합계",1489480,692355
"45 ~ 49세","2013","위암","남자",741651,301551
"45 ~ 49세","2013","위암","여자",747829,390804
"45 ~ 49세","2013","대장암","합계",-,-
"45 ~ 49세","2013","대장암","남자",-,-
"45 ~ 49세","2013","대장암","여자",-,-
"45 ~ 49세","2013","간암","합계",149248,69198
"45 ~ 49세","2013","간암","남자",93503,40696
"45 ~ 49세","2013","간암","여자",55745,28502
"45 ~ 49세","2013","유방암","합계",751453,408420
"45 ~ 49세","2013","유방암","남자",-,-
"45 ~ 49세","2013","유방암","여자",751453,408420
"45 ~ 49세","2013","자궁경부암","합계",745699,392328
"45 ~ 49세","2013","자궁경부암","남자",-,-
"45 ~ 49세","2013","자궁경부암","여자",745699,392328
"45 ~ 49세","2014","계","합계",1639661,881033
"45 ~ 49세","2014","계","남자",826738,357857
"45 ~ 49세","2014","계","여자",812923,523176
"45 ~ 49세","2014","위암","합계",1513289,739278
"45 ~ 49세","2014","위암","남자",769677,332361
"45 ~ 49세","2014","위암","여자",743612,406917
"45 ~ 49세","2014","대장암","합계",0,0
"45 ~ 49세","2014","대장암","남자",0,0
"45 ~ 49세","2014","대장암","여자",0,0
"45 ~ 49세","2014","간암","합계",155670,77004
"45 ~ 49세","2014","간암","남자",96360,45201
"45 ~ 49세","2014","간암","여자",59310,31803
"45 ~ 49세","2014","유방암","합계",747723,425809
"45 ~ 49세","2014","유방암","남자",0,0
"45 ~ 49세","2014","유방암","여자",747723,425809
"45 ~ 49세","2014","자궁경부암","합계",743846,416179
"45 ~ 49세","2014","자궁경부암","남자",0,0
"45 ~ 49세","2014","자궁경부암","여자",743846,416179
"45 ~ 49세","2015","계","합계",1697002,980130
"45 ~ 49세","2015","계","남자",838242,402192
"45 ~ 49세","2015","계","여자",858760,577938
"45 ~ 49세","2015","위암","합계",1563201,821031
"45 ~ 49세","2015","위암","남자",777658,372863
"45 ~ 49세","2015","위암","여자",785543,448168
"45 ~ 49세","2015","간암","합계",168323,89085
"45 ~ 49세","2015","간암","남자",104148,52254
"45 ~ 49세","2015","간암","여자",64175,36831
"45 ~ 49세","2015","유방암","합계",789741,469537
"45 ~ 49세","2015","유방암","여자",789741,469537
"45 ~ 49세","2015","자궁경부암","합계",787632,461445
"45 ~ 49세","2015","자궁경부암","여자",787632,461445
"45 ~ 49세","2016","계","합계",1776248,1093013
"45 ~ 49세","2016","계","남자",873446,452444
"45 ~ 49세","2016","계","여자",902802,640569
"45 ~ 49세","2016","위암","합계",1652868,919498
"45 ~ 49세","2016","위암","남자",826671,422639
"45 ~ 49세","2016","위암","여자",826197,496859
"45 ~ 49세","2016","대장암","합계",-,-
"45 ~ 49세","2016","대장암","남자",-,-
"45 ~ 49세","2016","대장암","여자",-,-
"45 ~ 49세","2016","간암","합계",137371,87915
"45 ~ 49세","2016","간암","남자",80499,49217
"45 ~ 49세","2016","간암","여자",56872,38698
"45 ~ 49세","2016","유방암","합계",828412,515470
"45 ~ 49세","2016","유방암","남자",-,-
"45 ~ 49세","2016","유방암","여자",828412,515470
"45 ~ 49세","2016","자궁경부암","합계",827802,510771
"45 ~ 49세","2016","자궁경부암","남자",-,-
"45 ~ 49세","2016","자궁경부암","여자",827802,510771
"45 ~ 49세","2017","계","합계",1786678,1121858
"45 ~ 49세","2017","계","남자",881590,471699
"45 ~ 49세","2017","계","여자",905088,650159
"45 ~ 49세","2017","위암","합계",1663329,941224
"45 ~ 49세","2017","위암","남자",834983,439972
"45 ~ 49세","2017","위암","여자",828346,501252
"45 ~ 49세","2017","대장암","합계",-,-
"45 ~ 49세","2017","대장암","남자",-,-
"45 ~ 49세","2017","대장암","여자",-,-
"45 ~ 49세","2017","간암","합계",135092,89756
"45 ~ 49세","2017","간암","남자",79236,50593
"45 ~ 49세","2017","간암","여자",55856,39163
"45 ~ 49세","2017","유방암","합계",830578,520746
"45 ~ 49세","2017","유방암","남자",-,-
"45 ~ 49세","2017","유방암","여자",830578,520746
"45 ~ 49세","2017","자궁경부암","합계",833529,521299
"45 ~ 49세","2017","자궁경부암","남자",-,-
"45 ~ 49세","2017","자궁경부암","여자",833529,521299
"45 ~ 49세","2018","계","합계",1711386,1137204
"45 ~ 49세","2018","계","남자",839477,487756
"45 ~ 49세","2018","계","여자",871909,649448
"45 ~ 49세","2018","위암","합계",1570334,942193
"45 ~ 49세","2018","위암","남자",788430,450634
"45 ~ 49세","2018","위암","여자",781904,491559
"45 ~ 49세","2018","대장암","합계",-,-
"45 ~ 49세","2018","대장암","남자",-,-
"45 ~ 49세","2018","대장암","여자",-,-
"45 ~ 49세","2018","간암","합계",143892,101899
"45 ~ 49세","2018","간암","남자",83925,57356
"45 ~ 49세","2018","간암","여자",59967,44543
"45 ~ 49세","2018","유방암","합계",784812,510379
"45 ~ 49세","2018","유방암","남자",-,-
"45 ~ 49세","2018","유방암","여자",784812,510379
"45 ~ 49세","2018","자궁경부암","합계",788981,514397
"45 ~ 49세","2018","자궁경부암","남자",-,-
"45 ~ 49세","2018","자궁경부암","여자",788981,514397
"45 ~ 49세","2019","계","합계",1755950,1200363
"45 ~ 49세","2019","계","남자",855426,518148
"45 ~ 49세","2019","계","여자",900524,682215
"45 ~ 49세","2019","위암","합계",1615306,998857
"45 ~ 49세","2019","위암","남자",805450,480178
"45 ~ 49세","2019","위암","여자",809856,518679
"45 ~ 49세","2019","대장암","합계",-,-
"45 ~ 49세","2019","대장암","남자",-,-
"45 ~ 49세","2019","대장암","여자",-,-
"45 ~ 49세","2019","간암","합계",143059,104811
"45 ~ 49세","2019","간암","남자",83771,59353
"45 ~ 49세","2019","간암","여자",59288,45458
"45 ~ 49세","2019","유방암","합계",807769,534976
"45 ~ 49세","2019","유방암","남자",-,-
"45 ~ 49세","2019","유방암","여자",807769,534976
"45 ~ 49세","2019","자궁경부암","합계",816717,539059
"45 ~ 49세","2019","자궁경부암","남자",-,-
"45 ~ 49세","2019","자궁경부암","여자",816717,539059
"50 ~ 54세","2010","계","합계",2433332,1175326
"50 ~ 54세","2010","계","남자",1257333,481404
"50 ~ 54세","2010","계","여자",1175999,693922
"50 ~ 54세","2010","위암","합계",2118663,943545
"50 ~ 54세","2010","위암","남자",1095903,404782
"50 ~ 54세","2010","위암","여자",1022760,538763
"50 ~ 54세","2010","대장암","합계",2433330,749518
"50 ~ 54세","2010","대장암","남자",1257331,316754
"50 ~ 54세","2010","대장암","여자",1175999,432764
"50 ~ 54세","2010","간암","합계",123280,56402
"50 ~ 54세","2010","간암","남자",86437,35548
"50 ~ 54세","2010","간암","여자",36843,20854
"50 ~ 54세","2010","유방암","합계",1011289,554784
"50 ~ 54세","2010","유방암","남자",-,-
"50 ~ 54세","2010","유방암","여자",1011289,554784
"50 ~ 54세","2010","자궁경부암","합계",1032709,494677
"50 ~ 54세","2010","자궁경부암","남자",-,-
"50 ~ 54세","2010","자궁경부암","여자",1032709,494677
"50 ~ 54세","2011","계","합계",2740306,1337073
"50 ~ 54세","2011","계","남자",1384169,536526
"50 ~ 54세","2011","계","여자",1356137,800547
"50 ~ 54세","2011","위암","합계",2446920,1146277
"50 ~ 54세","2011","위암","남자",1194826,481027
"50 ~ 54세","2011","위암","여자",1252094,665250
"50 ~ 54세","2011","대장암","합계",2677455,812898
"50 ~ 54세","2011","대장암","남자",1361510,335750
"50 ~ 54세","2011","대장암","여자",1315945,477148
"50 ~ 54세","2011","간암","합계",155551,70144
"50 ~ 54세","2011","간암","남자",103074,40792
"50 ~ 54세","2011","간암","여자",52477,29352
"50 ~ 54세","2011","유방암","합계",1257706,685697
"50 ~ 54세","2011","유방암","남자",-,-
"50 ~ 54세","2011","유방암","여자",1257706,685697
"50 ~ 54세","2011","자궁경부암","합계",1245717,614590
"50 ~ 54세","2011","자궁경부암","남자",-,-
"50 ~ 54세","2011","자궁경부암","여자",1245717,614590
"50 ~ 54세","2012","계","합계",3823902,1455100
"50 ~ 54세","2012","계","남자",1899150,604933
"50 ~ 54세","2012","계","여자",1924752,850167
"50 ~ 54세","2012","위암","합계",2252190,1167184
"50 ~ 54세","2012","위암","남자",1149608,508482
"50 ~ 54세","2012","위암","여자",1102582,658702
"50 ~ 54세","2012","대장암","합계",3695916,909655
"50 ~ 54세","2012","대장암","남자",1859394,385558
"50 ~ 54세","2012","대장암","여자",1836522,524097
"50 ~ 54세","2012","간암","합계",183829,79609
"50 ~ 54세","2012","간암","남자",114033,45095
"50 ~ 54세","2012","간암","여자",69796,34514
"50 ~ 54세","2012","유방암","합계",1106865,674211
"50 ~ 54세","2012","유방암","남자",-,-
"50 ~ 54세","2012","유방암","여자",1106865,674211
"50 ~ 54세","2012","자궁경부암","합계",1087243,617419
"50 ~ 54세","2012","자궁경부암","남자",-,-
"50 ~ 54세","2012","자궁경부암","여자",1087243,617419
"50 ~ 54세","2013","계","합계",3605805,1462007
"50 ~ 54세","2013","계","남자",1817955,607069
"50 ~ 54세","2013","계","여자",1787850,854938
"50 ~ 54세","2013","위암","합계",2193467,1113669
"50 ~ 54세","2013","위암","남자",1095288,477964
"50 ~ 54세","2013","위암","여자",1098179,635705
"50 ~ 54세","2013","대장암","합계",3492207,940679
"50 ~ 54세","2013","대장암","남자",1782310,406934
"50 ~ 54세","2013","대장암","여자",1709897,533745
"50 ~ 54세","2013","간암","합계",162336,80622
"50 ~ 54세","2013","간암","남자",98555,45007
"50 ~ 54세","2013","간암","여자",63781,35615
"50 ~ 54세","2013","유방암","합계",1101939,652887
"50 ~ 54세","2013","유방암","남자",-,-
"50 ~ 54세","2013","유방암","여자",1101939,652887
"50 ~ 54세","2013","자궁경부암","합계",1088075,610247
"50 ~ 54세","2013","자궁경부암","남자",-,-
"50 ~ 54세","2013","자궁경부암","여자",1088075,610247
"50 ~ 54세","2014","계","합계",3566398,1531884
"50 ~ 54세","2014","계","남자",1803786,640005
"50 ~ 54세","2014","계","여자",1762612,891879
"50 ~ 54세","2014","위암","합계",2243384,1169180
"50 ~ 54세","2014","위암","남자",1125176,509212
"50 ~ 54세","2014","위암","여자",1118208,659968
"50 ~ 54세","2014","대장암","합계",3435468,978144
"50 ~ 54세","2014","대장암","남자",1762445,425869
"50 ~ 54세","2014","대장암","여자",1673023,552275
"50 ~ 54세","2014","간암","합계",155781,82516
"50 ~ 54세","2014","간암","남자",94899,46565
"50 ~ 54세","2014","간암","여자",60882,35951
"50 ~ 54세","2014","유방암","합계",1123213,681204
"50 ~ 54세","2014","유방암","남자",0,0
"50 ~ 54세","2014","유방암","여자",1123213,681204
"50 ~ 54세","2014","자궁경부암","합계",1111957,646944
"50 ~ 54세","2014","자궁경부암","남자",0,0
"50 ~ 54세","2014","자궁경부암","여자",1111957,646944
"50 ~ 54세","2015","계","합계",3527640,1591893
"50 ~ 54세","2015","계","남자",1778760,680343
"50 ~ 54세","2015","계","여자",1748880,911550
"50 ~ 54세","2015","위암","합계",2196664,1189860
"50 ~ 54세","2015","위암","남자",1096598,531494
"50 ~ 54세","2015","위암","여자",1100066,658366
"50 ~ 54세","2015","대장암","합계",3400028,1022144
"50 ~ 54세","2015","대장암","남자",1737665,456563
"50 ~ 54세","2015","대장암","여자",1662363,565581
"50 ~ 54세","2015","간암","합계",156337,85963
"50 ~ 54세","2015","간암","남자",97240,49920
"50 ~ 54세","2015","간암","여자",59097,36043
"50 ~ 54세","2015","유방암","합계",1104692,683899
"50 ~ 54세","2015","유방암","여자",1104692,683899
"50 ~ 54세","2015","자궁경부암","합계",1095718,655420
"50 ~ 54세","2015","자궁경부암","여자",1095718,655420
"50 ~ 54세","2016","계","합계",3480158,1638767
"50 ~ 54세","2016","계","남자",1762740,705810
"50 ~ 54세","2016","계","여자",1717418,932957
"50 ~ 54세","2016","위암","합계",2200649,1237847
"50 ~ 54세","2016","위암","남자",1113263,562090
"50 ~ 54세","2016","위암","여자",1087386,675757
"50 ~ 54세","2016","대장암","합계",3352098,1045732
"50 ~ 54세","2016","대장암","남자",1720806,468076
"50 ~ 54세","2016","대장암","여자",1631292,577656
"50 ~ 54세","2016","간암","합계",100271,65781
"50 ~ 54세","2016","간암","남자",61632,38193
"50 ~ 54세","2016","간암","여자",38639,27588
"50 ~ 54세","2016","유방암","합계",1091014,699315
"50 ~ 54세","2016","유방암","남자",-,-
"50 ~ 54세","2016","유방암","여자",1091014,699315
"50 ~ 54세","2016","자궁경부암","합계",1083640,676774
"50 ~ 54세","2016","자궁경부암","남자",-,-
"50 ~ 54세","2016","자궁경부암","여자",1083640,676774
"50 ~ 54세","2017","계","합계",3486883,1683490
"50 ~ 54세","2017","계","남자",1750082,722178
"50 ~ 54세","2017","계","여자",1736801,961312
"50 ~ 54세","2017","위암","합계",2179042,1246770
"50 ~ 54세","2017","위암","남자",1079216,561627
"50 ~ 54세","2017","위암","여자",1099826,685143
"50 ~ 54세","2017","대장암","합계",3359891,1088352
"50 ~ 54세","2017","대장암","남자",1706210,486383
"50 ~ 54세","2017","대장암","여자",1653681,601969
"50 ~ 54세","2017","간암","합계",98812,68824
"50 ~ 54세","2017","간암","남자",60054,39607
"50 ~ 54세","2017","간암","여자",38758,29217
"50 ~ 54세","2017","유방암","합계",1103845,710364
"50 ~ 54세","2017","유방암","남자",-,-
"50 ~ 54세","2017","유방암","여자",1103845,710364
"50 ~ 54세","2017","자궁경부암","합계",1099829,694076
"50 ~ 54세","2017","자궁경부암","남자",-,-
"50 ~ 54세","2017","자궁경부암","여자",1099829,694076
"50 ~ 54세","2018","계","합계",3518865,1836500
"50 ~ 54세","2018","계","남자",1744836,802824
"50 ~ 54세","2018","계","여자",1774029,1033676
"50 ~ 54세","2018","위암","합계",2184904,1299664
"50 ~ 54세","2018","위암","남자",1089944,601350
"50 ~ 54세","2018","위암","여자",1094960,698314
"50 ~ 54세","2018","대장암","합계",3347900,1193154
"50 ~ 54세","2018","대장암","남자",1682147,542552
"50 ~ 54세","2018","대장암","여자",1665753,650602
"50 ~ 54세","2018","간암","합계",120367,86770
"50 ~ 54세","2018","간암","남자",70593,48778
"50 ~ 54세","2018","간암","여자",49774,37992
"50 ~ 54세","2018","유방암","합계",1100299,725258
"50 ~ 54세","2018","유방암","남자",-,-
"50 ~ 54세","2018","유방암","여자",1100299,725258
"50 ~ 54세","2018","자궁경부암","합계",1097417,715664
"50 ~ 54세","2018","자궁경부암","남자",-,-
"50 ~ 54세","2018","자궁경부암","여자",1097417,715664
"50 ~ 54세","2019","계","합계",3614814,1946772
"50 ~ 54세","2019","계","남자",1786382,849553
"50 ~ 54세","2019","계","여자",1828432,1097219
"50 ~ 54세","2019","위암","합계",2252062,1369252
"50 ~ 54세","2019","위암","남자",1102180,627001
"50 ~ 54세","2019","위암","여자",1149882,742251
"50 ~ 54세","2019","대장암","합계",3435313,1264751
"50 ~ 54세","2019","대장암","남자",1721367,578580
"50 ~ 54세","2019","대장암","여자",1713946,686171
"50 ~ 54세","2019","간암","합계",130964,96920
"50 ~ 54세","2019","간암","남자",76062,53979
"50 ~ 54세","2019","간암","여자",54902,42941
"50 ~ 54세","2019","유방암","합계",1148265,767093
"50 ~ 54세","2019","유방암","남자",-,-
"50 ~ 54세","2019","유방암","여자",1148265,767093
"50 ~ 54세","2019","자궁경부암","합계",1152316,757873
"50 ~ 54세","2019","자궁경부암","남자",-,-
"50 ~ 54세","2019","자궁경부암","여자",1152316,757873
"55 ~ 59세","2010","계","합계",1421734,783159
"55 ~ 59세","2010","계","남자",756466,350706
"55 ~ 59세","2010","계","여자",665268,432453
"55 ~ 59세","2010","위암","합계",1209646,622454
"55 ~ 59세","2010","위암","남자",641270,285258
"55 ~ 59세","2010","위암","여자",568376,337196
"55 ~ 59세","2010","대장암","합계",1421734,537753
"55 ~ 59세","2010","대장암","남자",756466,247757
"55 ~ 59세","2010","대장암","여자",665268,289996
"55 ~ 59세","2010","간암","합계",77984,39714
"55 ~ 59세","2010","간암","남자",53652,25142
"55 ~ 59세","2010","간암","여자",24332,14572
"55 ~ 59세","2010","유방암","합계",562875,345323
"55 ~ 59세","2010","유방암","남자",-,-
"55 ~ 59세","2010","유방암","여자",562875,345323
"55 ~ 59세","2010","자궁경부암","합계",577929,298699
"55 ~ 59세","2010","자궁경부암","남자",-,-
"55 ~ 59세","2010","자궁경부암","여자",577929,298699
"55 ~ 59세","2011","계","합계",1620735,877892
"55 ~ 59세","2011","계","남자",840781,377119
"55 ~ 59세","2011","계","여자",779954,500773
"55 ~ 59세","2011","위암","합계",1341335,734298
"55 ~ 59세","2011","위암","남자",655696,320179
"55 ~ 59세","2011","위암","여자",685639,414119
"55 ~ 59세","2011","대장암","합계",1558283,573088
"55 ~ 59세","2011","대장암","남자",817150,253811
"55 ~ 59세","2011","대장암","여자",741133,319277
"55 ~ 59세","2011","간암","합계",99834,49640
"55 ~ 59세","2011","간암","남자",65039,29006
"55 ~ 59세","2011","간암","여자",34795,20634
"55 ~ 59세","2011","유방암","합계",690174,425412
"55 ~ 59세","2011","유방암","남자",-,-
"55 ~ 59세","2011","유방암","여자",690174,425412
"55 ~ 59세","2011","자궁경부암","합계",676571,370866
"55 ~ 59세","2011","자궁경부암","남자",-,-
"55 ~ 59세","2011","자궁경부암","여자",676571,370866
"55 ~ 59세","2012","계","합계",3041615,1015509
"55 ~ 59세","2012","계","남자",1491003,450053
"55 ~ 59세","2012","계","여자",1550612,565456
"55 ~ 59세","2012","위암","합계",1229183,729211
"55 ~ 59세","2012","위암","남자",627522,329496
"55 ~ 59세","2012","위암","여자",601661,399715
"55 ~ 59세","2012","대장암","합계",2969010,719063
"55 ~ 59세","2012","대장암","남자",1464160,321450
"55 ~ 59세","2012","대장암","여자",1504850,397613
"55 ~ 59세","2012","간암","합계",160502,66921
"55 ~ 59세","2012","간암","남자",95358,37749
"55 ~ 59세","2012","간암","여자",65144,29172
"55 ~ 59세","2012","유방암","합계",602536,404855
"55 ~ 59세","2012","유방암","남자",-,-
"55 ~ 59세","2012","유방암","여자",602536,404855
"55 ~ 59세","2012","자궁경부암","합계",585092,359494
"55 ~ 59세","2012","자궁경부암","남자",-,-
"55 ~ 59세","2012","자궁경부암","여자",585092,359494
"55 ~ 59세","2013","계","합계",2932788,1147007
"55 ~ 59세","2013","계","남자",1471149,501317
"55 ~ 59세","2013","계","여자",1461639,645690
"55 ~ 59세","2013","위암","합계",1329350,781413
"55 ~ 59세","2013","위암","남자",651430,338965
"55 ~ 59세","2013","위암","여자",677920,442448
"55 ~ 59세","2013","대장암","합계",2856924,831734
"55 ~ 59세","2013","대장암","남자",1444252,372266
"55 ~ 59세","2013","대장암","여자",1412672,459468
"55 ~ 59세","2013","간암","합계",147801,74994
"55 ~ 59세","2013","간암","남자",86757,41391
"55 ~ 59세","2013","간암","여자",61044,33603
"55 ~ 59세","2013","유방암","합계",678697,447590
"55 ~ 59세","2013","유방암","남자",-,-
"55 ~ 59세","2013","유방암","여자",678697,447590
"55 ~ 59세","2013","자궁경부암","합계",662931,403555
"55 ~ 59세","2013","자궁경부암","남자",-,-
"55 ~ 59세","2013","자궁경부암","여자",662931,403555
"55 ~ 59세","2014","계","합계",3080415,1203579
"55 ~ 59세","2014","계","남자",1549034,534351
"55 ~ 59세","2014","계","여자",1531381,669228
"55 ~ 59세","2014","위암","합계",1319481,790216
"55 ~ 59세","2014","위암","남자",651918,348839
"55 ~ 59세","2014","위암","여자",667563,441377
"55 ~ 59세","2014","대장암","합계",2996381,880607
"55 ~ 59세","2014","대장암","남자",1518567,400274
"55 ~ 59세","2014","대장암","여자",1477814,480333
"55 ~ 59세","2014","간암","합계",152047,80138
"55 ~ 59세","2014","간암","남자",89462,44563
"55 ~ 59세","2014","간암","여자",62585,35575
"55 ~ 59세","2014","유방암","합계",667539,447109
"55 ~ 59세","2014","유방암","남자",0,0
"55 ~ 59세","2014","유방암","여자",667539,447109
"55 ~ 59세","2014","자궁경부암","합계",652428,407889
"55 ~ 59세","2014","자궁경부암","남자",0,0
"55 ~ 59세","2014","자궁경부암","여자",652428,407889
"55 ~ 59세","2015","계","합계",3270957,1377599
"55 ~ 59세","2015","계","남자",1634560,612181
"55 ~ 59세","2015","계","여자",1636397,765418
"55 ~ 59세","2015","위암","합계",1459397,890868
"55 ~ 59세","2015","위암","남자",716516,396632
"55 ~ 59세","2015","위암","여자",742881,494236
"55 ~ 59세","2015","대장암","합계",3180995,1008140
"55 ~ 59세","2015","대장암","남자",1602500,459811
"55 ~ 59세","2015","대장암","여자",1578495,548329
"55 ~ 59세","2015","간암","합계",166340,91742
"55 ~ 59세","2015","간암","남자",99975,51931
"55 ~ 59세","2015","간암","여자",66365,39811
"55 ~ 59세","2015","유방암","합계",743428,503186
"55 ~ 59세","2015","유방암","여자",743428,503186
"55 ~ 59세","2015","자궁경부암","합계",728612,462516
"55 ~ 59세","2015","자궁경부암","여자",728612,462516
"55 ~ 59세","2016","계","합계",3464232,1500613
"55 ~ 59세","2016","계","남자",1725124,657254
"55 ~ 59세","2016","계","여자",1739108,843359
"55 ~ 59세","2016","위암","합계",1556684,976227
"55 ~ 59세","2016","위암","남자",761507,431531
"55 ~ 59세","2016","위암","여자",795177,544696
"55 ~ 59세","2016","대장암","합계",3368386,1094095
"55 ~ 59세","2016","대장암","남자",1691604,490853
"55 ~ 59세","2016","대장암","여자",1676782,603242
"55 ~ 59세","2016","간암","합계",111438,73600
"55 ~ 59세","2016","간암","남자",64784,40374
"55 ~ 59세","2016","간암","여자",46654,33226
"55 ~ 59세","2016","유방암","합계",794049,552706
"55 ~ 59세","2016","유방암","남자",-,-
"55 ~ 59세","2016","유방암","여자",794049,552706
"55 ~ 59세","2016","자궁경부암","합계",778885,513553
"55 ~ 59세","2016","자궁경부암","남자",-,-
"55 ~ 59세","2016","자궁경부암","여자",778885,513553
"55 ~ 59세","2017","계","합계",3576069,1589708
"55 ~ 59세","2017","계","남자",1779957,699010
"55 ~ 59세","2017","계","여자",1796112,890698
"55 ~ 59세","2017","위암","합계",1593952,997662
"55 ~ 59세","2017","위암","남자",778625,443726
"55 ~ 59세","2017","위암","여자",815327,553936
"55 ~ 59세","2017","대장암","합계",3480319,1175795
"55 ~ 59세","2017","대장암","남자",1744960,529412
"55 ~ 59세","2017","대장암","여자",1735359,646383
"55 ~ 59세","2017","간암","합계",106097,72913
"55 ~ 59세","2017","간암","남자",62327,40520
"55 ~ 59세","2017","간암","여자",43770,32393
"55 ~ 59세","2017","유방암","합계",814131,564513
"55 ~ 59세","2017","유방암","남자",-,-
"55 ~ 59세","2017","유방암","여자",814131,564513
"55 ~ 59세","2017","자궁경부암","합계",802505,529448
"55 ~ 59세","2017","자궁경부암","남자",-,-
"55 ~ 59세","2017","자궁경부암","여자",802505,529448
"55 ~ 59세","2018","계","합계",3508417,1722538
"55 ~ 59세","2018","계","남자",1733610,765952
"55 ~ 59세","2018","계","여자",1774807,956586
"55 ~ 59세","2018","위암","합계",1597717,1019624
"55 ~ 59세","2018","위암","남자",780822,460985
"55 ~ 59세","2018","위암","여자",816895,558639
"55 ~ 59세","2018","대장암","합계",3367739,1270609
"55 ~ 59세","2018","대장암","남자",1677732,578815
"55 ~ 59세","2018","대장암","여자",1690007,691794
"55 ~ 59세","2018","간암","합계",118301,85785
"55 ~ 59세","2018","간암","남자",67954,47094
"55 ~ 59세","2018","간암","여자",50347,38691
"55 ~ 59세","2018","유방암","합계",815944,569669
"55 ~ 59세","2018","유방암","남자",-,-
"55 ~ 59세","2018","유방암","여자",815944,569669
"55 ~ 59세","2018","자궁경부암","합계",805068,540192
"55 ~ 59세","2018","자궁경부암","남자",-,-
"55 ~ 59세","2018","자궁경부암","여자",805068,540192
"55 ~ 59세","2019","계","합계",3490431,1734220
"55 ~ 59세","2019","계","남자",1722808,772740
"55 ~ 59세","2019","계","여자",1767623,961480
"55 ~ 59세","2019","위암","합계",1521713,981829
"55 ~ 59세","2019","위암","남자",741387,445227
"55 ~ 59세","2019","위암","여자",780326,536602
"55 ~ 59세","2019","대장암","합계",3352280,1289641
"55 ~ 59세","2019","대장암","남자",1667201,589758
"55 ~ 59세","2019","대장암","여자",1685079,699883
"55 ~ 59세","2019","간암","합계",118168,87679
"55 ~ 59세","2019","간암","남자",68002,48186
"55 ~ 59세","2019","간암","여자",50166,39493
"55 ~ 59세","2019","유방암","합계",774728,544724
"55 ~ 59세","2019","유방암","남자",-,-
"55 ~ 59세","2019","유방암","여자",774728,544724
"55 ~ 59세","2019","자궁경부암","합계",768013,518811
"55 ~ 59세","2019","자궁경부암","남자",-,-
"55 ~ 59세","2019","자궁경부암","여자",768013,518811
"60 ~ 64세","2010","계","합계",1288599,780239
"60 ~ 64세","2010","계","남자",644336,354594
"60 ~ 64세","2010","계","여자",644263,425645
"60 ~ 64세","2010","위암","합계",1111032,630941
"60 ~ 64세","2010","위암","남자",546138,287522
"60 ~ 64세","2010","위암","여자",564894,343419
"60 ~ 64세","2010","대장암","합계",1288599,558845
"60 ~ 64세","2010","대장암","남자",644336,264859
"60 ~ 64세","2010","대장암","여자",644263,293986
"60 ~ 64세","2010","간암","합계",66884,37055
"60 ~ 64세","2010","간암","남자",42675,22934
"60 ~ 64세","2010","간암","여자",24209,14121
"60 ~ 64세","2010","유방암","합계",562208,347002
"60 ~ 64세","2010","유방암","남자",-,-
"60 ~ 64세","2010","유방암","여자",562208,347002
"60 ~ 64세","2010","자궁경부암","합계",578136,288418
"60 ~ 64세","2010","자궁경부암","남자",-,-
"60 ~ 64세","2010","자궁경부암","여자",578136,288418
"60 ~ 64세","2011","계","합계",1461029,896369
"60 ~ 64세","2011","계","남자",727439,401427
"60 ~ 64세","2011","계","여자",733590,494942
"60 ~ 64세","2011","위암","합계",1357626,792916
"60 ~ 64세","2011","위암","남자",658152,361047
"60 ~ 64세","2011","위암","여자",699474,431869
"60 ~ 64세","2011","대장암","합계",1423798,614634
"60 ~ 64세","2011","대장암","남자",711411,284413
"60 ~ 64세","2011","대장암","여자",712387,330221
"60 ~ 64세","2011","간암","합계",88507,48604
"60 ~ 64세","2011","간암","남자",54694,28480
"60 ~ 64세","2011","간암","여자",33813,20124
"60 ~ 64세","2011","유방암","합계",700816,435377
"60 ~ 64세","2011","유방암","남자",-,-
"60 ~ 64세","2011","유방암","여자",700816,435377
"60 ~ 64세","2011","자궁경부암","합계",692108,363911
"60 ~ 64세","2011","자궁경부암","남자",-,-
"60 ~ 64세","2011","자궁경부암","여자",692108,363911
"60 ~ 64세","2012","계","합계",2138651,1042458
"60 ~ 64세","2012","계","남자",1031377,468168
"60 ~ 64세","2012","계","여자",1107274,574290
"60 ~ 64세","2012","위암","합계",1305206,847331
"60 ~ 64세","2012","위암","남자",634345,385550
"60 ~ 64세","2012","위암","여자",670861,461781
"60 ~ 64세","2012","대장암","합계",2059624,757540
"60 ~ 64세","2012","대장암","남자",998034,346644
"60 ~ 64세","2012","대장암","여자",1061590,410896
"60 ~ 64세","2012","간암","합계",112085,58464
"60 ~ 64세","2012","간암","남자",64998,33014
"60 ~ 64세","2012","간암","여자",47087,25450
"60 ~ 64세","2012","유방암","합계",670728,461245
"60 ~ 64세","2012","유방암","남자",-,-
"60 ~ 64세","2012","유방암","여자",670728,461245
"60 ~ 64세","2012","자궁경부암","합계",649103,393983
"60 ~ 64세","2012","자궁경부암","남자",-,-
"60 ~ 64세","2012","자궁경부암","여자",649103,393983
"60 ~ 64세","2013","계","합계",2065228,1045087
"60 ~ 64세","2013","계","남자",1008666,472413
"60 ~ 64세","2013","계","여자",1056562,572674
"60 ~ 64세","2013","위암","합계",1250675,804665
"60 ~ 64세","2013","위암","남자",605536,364749
"60 ~ 64세","2013","위암","여자",645139,439916
"60 ~ 64세","2013","대장암","합계",1997617,776872
"60 ~ 64세","2013","대장암","남자",981435,359207
"60 ~ 64세","2013","대장암","여자",1016182,417665
"60 ~ 64세","2013","간암","합계",102473,59145
"60 ~ 64세","2013","간암","남자",57852,32478
"60 ~ 64세","2013","간암","여자",44621,26667
"60 ~ 64세","2013","유방암","합계",644940,439621
"60 ~ 64세","2013","유방암","남자",-,-
"60 ~ 64세","2013","유방암","여자",644940,439621
"60 ~ 64세","2013","자궁경부암","합계",627083,380933
"60 ~ 64세","2013","자궁경부암","남자",-,-
"60 ~ 64세","2013","자궁경부암","여자",627083,380933
"60 ~ 64세","2014","계","합계",2165685,1169607
"60 ~ 64세","2014","계","남자",1058442,527118
"60 ~ 64세","2014","계","여자",1107243,642489
"60 ~ 64세","2014","위암","합계",1428855,929008
"60 ~ 64세","2014","위암","남자",694739,422534
"60 ~ 64세","2014","위암","여자",734116,506474
"60 ~ 64세","2014","대장암","합계",2078398,865729
"60 ~ 64세","2014","대장암","남자",1022894,398277
"60 ~ 64세","2014","대장암","여자",1055504,467452
"60 ~ 64세","2014","간암","합계",105756,65012
"60 ~ 64세","2014","간암","남자",60092,35798
"60 ~ 64세","2014","간암","여자",45664,29214
"60 ~ 64세","2014","유방암","합계",734007,506779
"60 ~ 64세","2014","유방암","남자",0,0
"60 ~ 64세","2014","유방암","여자",734007,506779
"60 ~ 64세","2014","자궁경부암","합계",714304,445557
"60 ~ 64세","2014","자궁경부암","남자",0,0
"60 ~ 64세","2014","자궁경부암","여자",714304,445557
"60 ~ 64세","2015","계","합계",2395820,1296053
"60 ~ 64세","2015","계","남자",1166044,586627
"60 ~ 64세","2015","계","여자",1229776,709426
"60 ~ 64세","2015","위암","합계",1471691,973957
"60 ~ 64세","2015","위암","남자",708782,442392
"60 ~ 64세","2015","위암","여자",762909,531565
"60 ~ 64세","2015","대장암","합계",2308221,968199
"60 ~ 64세","2015","대장암","남자",1130687,447995
"60 ~ 64세","2015","대장암","여자",1177534,520204
"60 ~ 64세","2015","간암","합계",122944,76640
"60 ~ 64세","2015","간암","남자",71735,43275
"60 ~ 64세","2015","간암","여자",51209,33365
"60 ~ 64세","2015","유방암","합계",763392,535185
"60 ~ 64세","2015","유방암","여자",763392,535185
"60 ~ 64세","2015","자궁경부암","합계",744589,474337
"60 ~ 64세","2015","자궁경부암","여자",744589,474337
"60 ~ 64세","2016","계","합계",2626024,1477958
"60 ~ 64세","2016","계","남자",1277581,666306
"60 ~ 64세","2016","계","여자",1348443,811652
"60 ~ 64세","2016","위암","합계",1665641,1124561
"60 ~ 64세","2016","위암","남자",808779,513266
"60 ~ 64세","2016","위암","여자",856862,611295
"60 ~ 64세","2016","대장암","합계",2525764,1102564
"60 ~ 64세","2016","대장암","남자",1236828,507032
"60 ~ 64세","2016","대장암","여자",1288936,595532
"60 ~ 64세","2016","간암","합계",83218,59471
"60 ~ 64세","2016","간암","남자",46131,31846
"60 ~ 64세","2016","간암","여자",37087,27625
"60 ~ 64세","2016","유방암","합계",856724,615214
"60 ~ 64세","2016","유방암","남자",-,-
"60 ~ 64세","2016","유방암","여자",856724,615214
"60 ~ 64세","2016","자궁경부암","합계",836477,549562
"60 ~ 64세","2016","자궁경부암","남자",-,-
"60 ~ 64세","2016","자궁경부암","여자",836477,549562
"60 ~ 64세","2017","계","합계",2796538,1597351
"60 ~ 64세","2017","계","남자",1362945,722207
"60 ~ 64세","2017","계","여자",1433593,875144
"60 ~ 64세","2017","위암","합계",1770605,1190227
"60 ~ 64세","2017","위암","남자",857058,543701
"60 ~ 64세","2017","위암","여자",913547,646526
"60 ~ 64세","2017","대장암","합계",2696255,1203464
"60 ~ 64세","2017","대장암","남자",1322628,555814
"60 ~ 64세","2017","대장암","여자",1373627,647650
"60 ~ 64세","2017","간암","합계",83355,61342
"60 ~ 64세","2017","간암","남자",46528,33018
"60 ~ 64세","2017","간암","여자",36827,28324
"60 ~ 64세","2017","유방암","합계",914038,653360
"60 ~ 64세","2017","유방암","남자",-,-
"60 ~ 64세","2017","유방암","여자",914038,653360
"60 ~ 64세","2017","자궁경부암","합계",895390,588954
"60 ~ 64세","2017","자궁경부암","남자",-,-
"60 ~ 64세","2017","자궁경부암","여자",895390,588954
"60 ~ 64세","2018","계","합계",2923997,1747614
"60 ~ 64세","2018","계","남자",1419367,798083
"60 ~ 64세","2018","계","여자",1504630,949531
"60 ~ 64세","2018","위암","합계",1792054,1221369
"60 ~ 64세","2018","위암","남자",868728,564556
"60 ~ 64세","2018","위암","여자",923326,656813
"60 ~ 64세","2018","대장암","합계",2758218,1303627
"60 ~ 64세","2018","대장암","남자",1345240,608050
"60 ~ 64세","2018","대장암","여자",1412978,695577
"60 ~ 64세","2018","간암","합계",100881,77172
"60 ~ 64세","2018","간암","남자",56144,41614
"60 ~ 64세","2018","간암","여자",44737,35558
"60 ~ 64세","2018","유방암","합계",923699,663966
"60 ~ 64세","2018","유방암","남자",-,-
"60 ~ 64세","2018","유방암","여자",923699,663966
"60 ~ 64세","2018","자궁경부암","합계",903969,603836
"60 ~ 64세","2018","자궁경부암","남자",-,-
"60 ~ 64세","2018","자궁경부암","여자",903969,603836
"60 ~ 64세","2019","계","합계",3126829,1929668
"60 ~ 64세","2019","계","남자",1503952,869577
"60 ~ 64세","2019","계","여자",1622877,1060091
"60 ~ 64세","2019","위암","합계",2002891,1372813
"60 ~ 64세","2019","위암","남자",957075,628257
"60 ~ 64세","2019","위암","여자",1045816,744556
"60 ~ 64세","2019","대장암","합계",2939543,1424361
"60 ~ 64세","2019","대장암","남자",1419345,656273
"60 ~ 64세","2019","대장암","여자",1520198,768088
"60 ~ 64세","2019","간암","합계",108686,84759
"60 ~ 64세","2019","간암","남자",60527,45718
"60 ~ 64세","2019","간암","여자",48159,39041
"60 ~ 64세","2019","유방암","합계",1042550,751766
"60 ~ 64세","2019","유방암","남자",-,-
"60 ~ 64세","2019","유방암","여자",1042550,751766
"60 ~ 64세","2019","자궁경부암","합계",1026310,685304
"60 ~ 64세","2019","자궁경부암","남자",-,-
"60 ~ 64세","2019","자궁경부암","여자",1026310,685304
"65 ~ 69세","2010","계","합계",848997,543824
"65 ~ 69세","2010","계","남자",414942,252372
"65 ~ 69세","2010","계","여자",434055,291452
"65 ~ 69세","2010","위암","합계",744283,446945
"65 ~ 69세","2010","위암","남자",352669,204664
"65 ~ 69세","2010","위암","여자",391614,242281
"65 ~ 69세","2010","대장암","합계",848997,383885
"65 ~ 69세","2010","대장암","남자",414942,190387
"65 ~ 69세","2010","대장암","여자",434055,193498
"65 ~ 69세","2010","간암","합계",37505,20888
"65 ~ 69세","2010","간암","남자",23812,13273
"65 ~ 69세","2010","간암","여자",13693,7615
"65 ~ 69세","2010","유방암","합계",390917,240511
"65 ~ 69세","2010","유방암","남자",-,-
"65 ~ 69세","2010","유방암","여자",390917,240511
"65 ~ 69세","2010","자궁경부암","합계",403908,179324
"65 ~ 69세","2010","자궁경부암","남자",-,-
"65 ~ 69세","2010","자궁경부암","여자",403908,179324
"65 ~ 69세","2011","계","합계",825593,523156
"65 ~ 69세","2011","계","남자",415820,246662
"65 ~ 69세","2011","계","여자",409773,276494
"65 ~ 69세","2011","위암","합계",737913,453936
"65 ~ 69세","2011","위암","남자",354663,213359
"65 ~ 69세","2011","위암","여자",383250,240577
"65 ~ 69세","2011","대장암","합계",788854,358873
"65 ~ 69세","2011","대장암","남자",400993,179107
"65 ~ 69세","2011","대장암","여자",387861,179766
"65 ~ 69세","2011","간암","합계",43852,24266
"65 ~ 69세","2011","간암","남자",27472,14972
"65 ~ 69세","2011","간암","여자",16380,9294
"65 ~ 69세","2011","유방암","합계",383018,238244
"65 ~ 69세","2011","유방암","남자",-,-
"65 ~ 69세","2011","유방암","여자",383018,238244
"65 ~ 69세","2011","자궁경부암","합계",371642,181956
"65 ~ 69세","2011","자궁경부암","남자",-,-
"65 ~ 69세","2011","자궁경부암","여자",371642,181956
"65 ~ 69세","2012","계","합계",1715464,647193
"65 ~ 69세","2012","계","남자",806312,301747
"65 ~ 69세","2012","계","여자",909152,345446
"65 ~ 69세","2012","위암","합계",655537,442487
"65 ~ 69세","2012","위암","남자",308865,203012
"65 ~ 69세","2012","위암","여자",346672,239475
"65 ~ 69세","2012","대장암","합계",1683087,508267
"65 ~ 69세","2012","대장암","남자",792355,243876
"65 ~ 69세","2012","대장암","여자",890732,264391
"65 ~ 69세","2012","간암","합계",85340,36866
"65 ~ 69세","2012","간암","남자",48596,21173
"65 ~ 69세","2012","간암","여자",36744,15693
"65 ~ 69세","2012","유방암","합계",341715,234635
"65 ~ 69세","2012","유방암","남자",-,-
"65 ~ 69세","2012","유방암","여자",341715,234635
"65 ~ 69세","2012","자궁경부암","합계",325404,185825
"65 ~ 69세","2012","자궁경부암","남자",-,-
"65 ~ 69세","2012","자궁경부암","여자",325404,185825
"65 ~ 69세","2013","계","합계",1612222,726571
"65 ~ 69세","2013","계","남자",772868,342785
"65 ~ 69세","2013","계","여자",839354,383786
"65 ~ 69세","2013","위암","합계",712389,487273
"65 ~ 69세","2013","위암","남자",337680,224468
"65 ~ 69세","2013","위암","여자",374709,262805
"65 ~ 69세","2013","대장암","합계",1576574,578738
"65 ~ 69세","2013","대장암","남자",757936,280711
"65 ~ 69세","2013","대장암","여자",818638,298027
"65 ~ 69세","2013","간암","합계",76752,40705
"65 ~ 69세","2013","간암","남자",42447,22497
"65 ~ 69세","2013","간암","여자",34305,18208
"65 ~ 69세","2013","유방암","합계",373290,258405
"65 ~ 69세","2013","유방암","남자",-,-
"65 ~ 69세","2013","유방암","여자",373290,258405
"65 ~ 69세","2013","자궁경부암","합계",357872,210512
"65 ~ 69세","2013","자궁경부암","남자",-,-
"65 ~ 69세","2013","자궁경부암","여자",357872,210512
"65 ~ 69세","2014","계","합계",1666385,765787
"65 ~ 69세","2014","계","남자",806242,363792
"65 ~ 69세","2014","계","여자",860143,401995
"65 ~ 69세","2014","위암","합계",734709,511144
"65 ~ 69세","2014","위암","남자",352376,237576
"65 ~ 69세","2014","위암","여자",382333,273568
"65 ~ 69세","2014","대장암","합계",1627136,616607
"65 ~ 69세","2014","대장암","남자",789927,300597
"65 ~ 69세","2014","대장암","여자",837209,316010
"65 ~ 69세","2014","간암","합계",78142,43512
"65 ~ 69세","2014","간암","남자",43705,24254
"65 ~ 69세","2014","간암","여자",34437,19258
"65 ~ 69세","2014","유방암","합계",380318,268874
"65 ~ 69세","2014","유방암","남자",0,0
"65 ~ 69세","2014","유방암","여자",380318,268874
"65 ~ 69세","2014","자궁경부암","합계",364166,222504
"65 ~ 69세","2014","자궁경부암","남자",0,0
"65 ~ 69세","2014","자궁경부암","여자",364166,222504
"65 ~ 69세","2015","계","합계",1795728,888819
"65 ~ 69세","2015","계","남자",867105,424932
"65 ~ 69세","2015","계","여자",928623,463887
"65 ~ 69세","2015","위암","합계",827829,586433
"65 ~ 69세","2015","위암","남자",394631,273202
"65 ~ 69세","2015","위암","여자",433198,313231
"65 ~ 69세","2015","대장암","합계",1753934,716728
"65 ~ 69세","2015","대장암","남자",849473,351507
"65 ~ 69세","2015","대장암","여자",904461,365221
"65 ~ 69세","2015","간암","합계",88124,52159
"65 ~ 69세","2015","간암","남자",50714,29764
"65 ~ 69세","2015","간암","여자",37410,22395
"65 ~ 69세","2015","유방암","합계",430639,308372
"65 ~ 69세","2015","유방암","여자",430639,308372
"65 ~ 69세","2015","자궁경부암","합계",414522,257343
"65 ~ 69세","2015","자궁경부암","여자",414522,257343
"65 ~ 69세","2016","계","합계",1836573,928656
"65 ~ 69세","2016","계","남자",886201,441531
"65 ~ 69세","2016","계","여자",950372,487125
"65 ~ 69세","2016","위암","합계",824108,595917
"65 ~ 69세","2016","위암","남자",394631,277228
"65 ~ 69세","2016","위암","여자",429477,318689
"65 ~ 69세","2016","대장암","합계",1793660,754635
"65 ~ 69세","2016","대장암","남자",868247,367616
"65 ~ 69세","2016","대장암","여자",925413,387019
"65 ~ 69세","2016","간암","합계",54425,37027
"65 ~ 69세","2016","간암","남자",29127,19521
"65 ~ 69세","2016","간암","여자",25298,17506
"65 ~ 69세","2016","유방암","합계",426186,313146
"65 ~ 69세","2016","유방암","남자",-,-
"65 ~ 69세","2016","유방암","여자",426186,313146
"65 ~ 69세","2016","자궁경부암","합계",410924,264478
"65 ~ 69세","2016","자궁경부암","남자",-,-
"65 ~ 69세","2016","자궁경부암","여자",410924,264478
"65 ~ 69세","2017","계","합계",1945730,982304
"65 ~ 69세","2017","계","남자",941202,472501
"65 ~ 69세","2017","계","여자",1004528,509803
"65 ~ 69세","2017","위암","합계",803270,584909
"65 ~ 69세","2017","위암","남자",384372,273301
"65 ~ 69세","2017","위암","여자",418898,311608
"65 ~ 69세","2017","대장암","합계",1906882,813076
"65 ~ 69세","2017","대장암","남자",925227,400697
"65 ~ 69세","2017","대장암","여자",981655,412379
"65 ~ 69세","2017","간암","합계",54485,38323
"65 ~ 69세","2017","간암","남자",29304,20325
"65 ~ 69세","2017","간암","여자",25181,17998
"65 ~ 69세","2017","유방암","합계",415933,307594
"65 ~ 69세","2017","유방암","남자",-,-
"65 ~ 69세","2017","유방암","여자",415933,307594
"65 ~ 69세","2017","자궁경부암","합계",402351,262607
"65 ~ 69세","2017","자궁경부암","남자",-,-
"65 ~ 69세","2017","자궁경부암","여자",402351,262607
"65 ~ 69세","2018","계","합계",1968006,1125154
"65 ~ 69세","2018","계","남자",940600,535788
"65 ~ 69세","2018","계","여자",1027406,589366
"65 ~ 69세","2018","위암","합계",917217,664329
"65 ~ 69세","2018","위암","남자",435899,309603
"65 ~ 69세","2018","위암","여자",481318,354726
"65 ~ 69세","2018","대장암","합계",1887849,905387
"65 ~ 69세","2018","대장암","남자",902842,441455
"65 ~ 69세","2018","대장암","여자",985007,463932
"65 ~ 69세","2018","간암","합계",64593,48269
"65 ~ 69세","2018","간암","남자",34208,25186
"65 ~ 69세","2018","간암","여자",30385,23083
"65 ~ 69세","2018","유방암","합계",477196,349603
"65 ~ 69세","2018","유방암","남자",-,-
"65 ~ 69세","2018","유방암","여자",477196,349603
"65 ~ 69세","2018","자궁경부암","합계",462774,302888
"65 ~ 69세","2018","자궁경부암","남자",-,-
"65 ~ 69세","2018","자궁경부암","여자",462774,302888
"65 ~ 69세","2019","계","합계",2084286,1177477
"65 ~ 69세","2019","계","남자",996990,560270
"65 ~ 69세","2019","계","여자",1087296,617207
"65 ~ 69세","2019","위암","합계",859882,631199
"65 ~ 69세","2019","위암","남자",406590,293233
"65 ~ 69세","2019","위암","여자",453292,337966
"65 ~ 69세","2019","대장암","합계",2007459,960128
"65 ~ 69세","2019","대장암","남자",960709,467487
"65 ~ 69세","2019","대장암","여자",1046750,492641
"65 ~ 69세","2019","간암","합계",70627,53981
"65 ~ 69세","2019","간암","남자",37632,28265
"65 ~ 69세","2019","간암","여자",32995,25716
"65 ~ 69세","2019","유방암","합계",447417,332053
"65 ~ 69세","2019","유방암","남자",-,-
"65 ~ 69세","2019","유방암","여자",447417,332053
"65 ~ 69세","2019","자궁경부암","합계",435449,289141
"65 ~ 69세","2019","자궁경부암","남자",-,-
"65 ~ 69세","2019","자궁경부암","여자",435449,289141
"70 ~ 74세","2010","계","합계",851162,476700
"70 ~ 74세","2010","계","남자",378949,213168
"70 ~ 74세","2010","계","여자",472213,263532
"70 ~ 74세","2010","위암","합계",765336,400292
"70 ~ 74세","2010","위암","남자",336926,181307
"70 ~ 74세","2010","위암","여자",428410,218985
"70 ~ 74세","2010","대장암","합계",851162,301587
"70 ~ 74세","2010","대장암","남자",378949,147443
"70 ~ 74세","2010","대장암","여자",472213,154144
"70 ~ 74세","2010","간암","합계",32380,14748
"70 ~ 74세","2010","간암","남자",19275,9042
"70 ~ 74세","2010","간암","여자",13105,5706
"70 ~ 74세","2010","유방암","합계",429060,210044
"70 ~ 74세","2010","유방암","남자",-,-
"70 ~ 74세","2010","유방암","여자",429060,210044
"70 ~ 74세","2010","자궁경부암","합계",446703,133452
"70 ~ 74세","2010","자궁경부암","남자",-,-
"70 ~ 74세","2010","자궁경부암","여자",446703,133452
"70 ~ 74세","2011","계","합계",979290,566340
"70 ~ 74세","2011","계","남자",441275,252627
"70 ~ 74세","2011","계","여자",538015,313713
"70 ~ 74세","2011","위암","합계",954189,510087
"70 ~ 74세","2011","위암","남자",424453,232641
"70 ~ 74세","2011","위암","여자",529736,277446
"70 ~ 74세","2011","대장암","합계",955614,358994
"70 ~ 74세","2011","대장암","남자",432227,171799
"70 ~ 74세","2011","대장암","여자",523387,187195
"70 ~ 74세","2011","간암","합계",45851,21543
"70 ~ 74세","2011","간암","남자",26368,12454
"70 ~ 74세","2011","간암","여자",19483,9089
"70 ~ 74세","2011","유방암","합계",528920,262837
"70 ~ 74세","2011","유방암","남자",-,-
"70 ~ 74세","2011","유방암","여자",528920,262837
"70 ~ 74세","2011","자궁경부암","합계",520395,175007
"70 ~ 74세","2011","자궁경부암","남자",-,-
"70 ~ 74세","2011","자궁경부암","여자",520395,175007
"70 ~ 74세","2012","계","합계",1540421,696953
"70 ~ 74세","2012","계","남자",686064,314448
"70 ~ 74세","2012","계","여자",854357,382505
"70 ~ 74세","2012","위암","합계",904653,552674
"70 ~ 74세","2012","위암","남자",404665,251206
"70 ~ 74세","2012","위암","여자",499988,301468
"70 ~ 74세","2012","대장암","합계",1499541,506803
"70 ~ 74세","2012","대장암","남자",669566,240144
"70 ~ 74세","2012","대장암","여자",829975,266659
"70 ~ 74세","2012","간암","합계",65432,29618
"70 ~ 74세","2012","간암","남자",35743,16574
"70 ~ 74세","2012","간암","여자",29689,13044
"70 ~ 74세","2012","유방암","합계",495383,283241
"70 ~ 74세","2012","유방암","남자",-,-
"70 ~ 74세","2012","유방암","여자",495383,283241
"70 ~ 74세","2012","자궁경부암","합계",472092,196264
"70 ~ 74세","2012","자궁경부암","남자",-,-
"70 ~ 74세","2012","자궁경부암","여자",472092,196264
"70 ~ 74세","2013","계","합계",1463912,712154
"70 ~ 74세","2013","계","남자",656412,322449
"70 ~ 74세","2013","계","여자",807500,389705
"70 ~ 74세","2013","위암","합계",890329,546418
"70 ~ 74세","2013","위암","남자",396704,247753
"70 ~ 74세","2013","위암","여자",493625,298665
"70 ~ 74세","2013","대장암","합계",1425059,536909
"70 ~ 74세","2013","대장암","남자",640609,253877
"70 ~ 74세","2013","대장암","여자",784450,283032
"70 ~ 74세","2013","간암","합계",58936,30187
"70 ~ 74세","2013","간암","남자",30679,16067
"70 ~ 74세","2013","간암","여자",28257,14120
"70 ~ 74세","2013","유방암","합계",489388,280827
"70 ~ 74세","2013","유방암","남자",-,-
"70 ~ 74세","2013","유방암","여자",489388,280827
"70 ~ 74세","2013","자궁경부암","합계",467381,201103
"70 ~ 74세","2013","자궁경부암","남자",-,-
"70 ~ 74세","2013","자궁경부암","여자",467381,201103
"70 ~ 74세","2014","계","합계",1444030,750089
"70 ~ 74세","2014","계","남자",651956,338184
"70 ~ 74세","2014","계","여자",792074,411905
"70 ~ 74세","2014","위암","합계",921276,584860
"70 ~ 74세","2014","위암","남자",414066,264592
"70 ~ 74세","2014","위암","여자",507210,320268
"70 ~ 74세","2014","대장암","합계",1399630,575972
"70 ~ 74세","2014","대장암","남자",634532,269885
"70 ~ 74세","2014","대장암","여자",765098,306087
"70 ~ 74세","2014","간암","합계",57564,31547
"70 ~ 74세","2014","간암","남자",30083,16717
"70 ~ 74세","2014","간암","여자",27481,14830
"70 ~ 74세","2014","유방암","합계",501835,300984
"70 ~ 74세","2014","유방암","남자",0,0
"70 ~ 74세","2014","유방암","여자",501835,300984
"70 ~ 74세","2014","자궁경부암","합계",478112,222003
"70 ~ 74세","2014","자궁경부암","남자",0,0
"70 ~ 74세","2014","자궁경부암","여자",478112,222003
"70 ~ 74세","2015","계","합계",1458651,767591
"70 ~ 74세","2015","계","남자",663271,352471
"70 ~ 74세","2015","계","여자",795380,415120
"70 ~ 74세","2015","위암","합계",876933,575525
"70 ~ 74세","2015","위암","남자",396953,263298
"70 ~ 74세","2015","위암","여자",479980,312227
"70 ~ 74세","2015","대장암","합계",1419665,599926
"70 ~ 74세","2015","대장암","남자",647570,285377
"70 ~ 74세","2015","대장암","여자",772095,314549
"70 ~ 74세","2015","간암","합계",61589,34914
"70 ~ 74세","2015","간암","남자",33533,19228
"70 ~ 74세","2015","간암","여자",28056,15686
"70 ~ 74세","2015","유방암","합계",474790,293509
"70 ~ 74세","2015","유방암","여자",474790,293509
"70 ~ 74세","2015","자궁경부암","합계",453865,220133
"70 ~ 74세","2015","자궁경부암","여자",453865,220133
"70 ~ 74세","2016","계","합계",1459706,826965
"70 ~ 74세","2016","계","남자",668669,378358
"70 ~ 74세","2016","계","여자",791037,448607
"70 ~ 74세","2016","위암","합계",958592,641669
"70 ~ 74세","2016","위암","남자",437602,293573
"70 ~ 74세","2016","위암","여자",520990,348096
"70 ~ 74세","2016","대장암","합계",1418147,645888
"70 ~ 74세","2016","대장암","남자",652051,305555
"70 ~ 74세","2016","대장암","여자",766096,340333
"70 ~ 74세","2016","간암","합계",36453,23629
"70 ~ 74세","2016","간암","남자",18589,12058
"70 ~ 74세","2016","간암","여자",17864,11571
"70 ~ 74세","2016","유방암","합계",515414,328143
"70 ~ 74세","2016","유방암","남자",-,-
"70 ~ 74세","2016","유방암","여자",515414,328143
"70 ~ 74세","2016","자궁경부암","합계",495406,251517
"70 ~ 74세","2016","자궁경부암","남자",-,-
"70 ~ 74세","2016","자궁경부암","여자",495406,251517
"70 ~ 74세","2017","계","합계",1480786,845113
"70 ~ 74세","2017","계","남자",683857,390287
"70 ~ 74세","2017","계","여자",796929,454826
"70 ~ 74세","2017","위암","합계",948056,643495
"70 ~ 74세","2017","위암","남자",435549,295526
"70 ~ 74세","2017","위암","여자",512507,347969
"70 ~ 74세","2017","대장암","합계",1441055,669420
"70 ~ 74세","2017","대장암","남자",667940,319677
"70 ~ 74세","2017","대장암","여자",773115,349743
"70 ~ 74세","2017","간암","합계",35844,24208
"70 ~ 74세","2017","간암","남자",18351,12199
"70 ~ 74세","2017","간암","여자",17493,12009
"70 ~ 74세","2017","유방암","합계",507274,330298
"70 ~ 74세","2017","유방암","남자",-,-
"70 ~ 74세","2017","유방암","여자",507274,330298
"70 ~ 74세","2017","자궁경부암","합계",489322,260636
"70 ~ 74세","2017","자궁경부암","남자",-,-
"70 ~ 74세","2017","자궁경부암","여자",489322,260636
"70 ~ 74세","2018","계","합계",1537933,908999
"70 ~ 74세","2018","계","남자",711915,425561
"70 ~ 74세","2018","계","여자",826018,483438
"70 ~ 74세","2018","위암","합계",969144,658463
"70 ~ 74세","2018","위암","남자",447528,305014
"70 ~ 74세","2018","위암","여자",521616,353449
"70 ~ 74세","2018","대장암","합계",1461223,702818
"70 ~ 74세","2018","대장암","남자",675346,339392
"70 ~ 74세","2018","대장암","여자",785877,363426
"70 ~ 74세","2018","간암","합계",43867,30917
"70 ~ 74세","2018","간암","남자",22461,15661
"70 ~ 74세","2018","간암","여자",21406,15256
"70 ~ 74세","2018","유방암","합계",516118,335866
"70 ~ 74세","2018","유방암","남자",-,-
"70 ~ 74세","2018","유방암","여자",516118,335866
"70 ~ 74세","2018","자궁경부암","합계",498789,269180
"70 ~ 74세","2018","자궁경부암","남자",-,-
"70 ~ 74세","2018","자궁경부암","여자",498789,269180
"70 ~ 74세","2019","계","합계",1633475,1005689
"70 ~ 74세","2019","계","남자",759912,470645
"70 ~ 74세","2019","계","여자",873563,535044
"70 ~ 74세","2019","위암","합계",1031183,719286
"70 ~ 74세","2019","위암","남자",475196,332081
"70 ~ 74세","2019","위암","여자",555987,387205
"70 ~ 74세","2019","대장암","합계",1550968,783083
"70 ~ 74세","2019","대장암","남자",720742,378164
"70 ~ 74세","2019","대장암","여자",830226,404919
"70 ~ 74세","2019","간암","합계",47562,34780
"70 ~ 74세","2019","간암","남자",24462,17557
"70 ~ 74세","2019","간암","여자",23100,17223
"70 ~ 74세","2019","유방암","합계",549349,368693
"70 ~ 74세","2019","유방암","남자",-,-
"70 ~ 74세","2019","유방암","여자",549349,368693
"70 ~ 74세","2019","자궁경부암","합계",533934,299267
"70 ~ 74세","2019","자궁경부암","남자",-,-
"70 ~ 74세","2019","자궁경부암","여자",533934,299267
"75 ~ 79세","2010","계","합계",392304,183265
"75 ~ 79세","2010","계","남자",156186,76778
"75 ~ 79세","2010","계","여자",236118,106487
"75 ~ 79세","2010","위암","합계",361899,154081
"75 ~ 79세","2010","위암","남자",143156,66752
"75 ~ 79세","2010","위암","여자",218743,87329
"75 ~ 79세","2010","대장암","합계",392304,97330
"75 ~ 79세","2010","대장암","남자",156186,47173
"75 ~ 79세","2010","대장암","여자",236118,50157
"75 ~ 79세","2010","간암","합계",12614,4223
"75 ~ 79세","2010","간암","남자",6525,2352
"75 ~ 79세","2010","간암","여자",6089,1871
"75 ~ 79세","2010","유방암","합계",218965,83579
"75 ~ 79세","2010","유방암","남자",-,-
"75 ~ 79세","2010","유방암","여자",218965,83579
"75 ~ 79세","2010","자궁경부암","합계",228121,41125
"75 ~ 79세","2010","자궁경부암","남자",-,-
"75 ~ 79세","2010","자궁경부암","여자",228121,41125
"75 ~ 79세","2011","계","합계",446775,213762
"75 ~ 79세","2011","계","남자",179898,90177
"75 ~ 79세","2011","계","여자",266877,123585
"75 ~ 79세","2011","위암","합계",433876,188034
"75 ~ 79세","2011","위암","남자",172255,81836
"75 ~ 79세","2011","위암","여자",261621,106198
"75 ~ 79세","2011","대장암","합계",425696,115805
"75 ~ 79세","2011","대장암","남자",173172,55013
"75 ~ 79세","2011","대장암","여자",252524,60792
"75 ~ 79세","2011","간암","합계",15970,5729
"75 ~ 79세","2011","간암","남자",8614,3288
"75 ~ 79세","2011","간암","여자",7356,2441
"75 ~ 79세","2011","유방암","합계",260920,98902
"75 ~ 79세","2011","유방암","남자",-,-
"75 ~ 79세","2011","유방암","여자",260920,98902
"75 ~ 79세","2011","자궁경부암","합계",251050,52043
"75 ~ 79세","2011","자궁경부암","남자",-,-
"75 ~ 79세","2011","자궁경부암","여자",251050,52043
"75 ~ 79세","2012","계","합계",1026234,295706
"75 ~ 79세","2012","계","남자",414970,130472
"75 ~ 79세","2012","계","여자",611264,165234
"75 ~ 79세","2012","위암","합계",400803,201693
"75 ~ 79세","2012","위암","남자",164048,88754
"75 ~ 79세","2012","위암","여자",236755,112939
"75 ~ 79세","2012","대장암","합계",1010136,208729
"75 ~ 79세","2012","대장암","남자",409002,98707
"75 ~ 79세","2012","대장암","여자",601134,110022
"75 ~ 79세","2012","간암","합계",35408,10834
"75 ~ 79세","2012","간암","남자",17853,5873
"75 ~ 79세","2012","간암","여자",17555,4961
"75 ~ 79세","2012","유방암","합계",234290,103599
"75 ~ 79세","2012","유방암","남자",-,-
"75 ~ 79세","2012","유방암","여자",234290,103599
"75 ~ 79세","2012","자궁경부암","합계",218386,57489
"75 ~ 79세","2012","자궁경부암","남자",-,-
"75 ~ 79세","2012","자궁경부암","여자",218386,57489
"75 ~ 79세","2013","계","합계",980262,334023
"75 ~ 79세","2013","계","남자",404933,147564
"75 ~ 79세","2013","계","여자",575329,186459
"75 ~ 79세","2013","위암","합계",430292,220947
"75 ~ 79세","2013","위암","남자",176316,97028
"75 ~ 79세","2013","위암","여자",253976,123919
"75 ~ 79세","2013","대장암","합계",962849,246573
"75 ~ 79세","2013","대장암","남자",398381,115898
"75 ~ 79세","2013","대장암","여자",564468,130675
"75 ~ 79세","2013","간암","합계",32364,12108
"75 ~ 79세","2013","간암","남자",15787,6375
"75 ~ 79세","2013","간암","여자",16577,5733
"75 ~ 79세","2013","유방암","합계",251276,113645
"75 ~ 79세","2013","유방암","남자",-,-
"75 ~ 79세","2013","유방암","여자",251276,113645
"75 ~ 79세","2013","자궁경부암","합계",234387,65889
"75 ~ 79세","2013","자궁경부암","남자",-,-
"75 ~ 79세","2013","자궁경부암","여자",234387,65889
"75 ~ 79세","2014","계","합계",1015589,369661
"75 ~ 79세","2014","계","남자",424559,162561
"75 ~ 79세","2014","계","여자",591030,207100
"75 ~ 79세","2014","위암","합계",442782,241202
"75 ~ 79세","2014","위암","남자",183342,105641
"75 ~ 79세","2014","위암","여자",259440,135561
"75 ~ 79세","2014","대장암","합계",994794,282599
"75 ~ 79세","2014","대장암","남자",417016,131217
"75 ~ 79세","2014","대장암","여자",577778,151382
"75 ~ 79세","2014","간암","합계",33067,13448
"75 ~ 79세","2014","간암","남자",16226,7052
"75 ~ 79세","2014","간암","여자",16841,6396
"75 ~ 79세","2014","유방암","합계",255562,123490
"75 ~ 79세","2014","유방암","남자",0,0
"75 ~ 79세","2014","유방암","여자",255562,123490
"75 ~ 79세","2014","자궁경부암","합계",236313,73968
"75 ~ 79세","2014","자궁경부암","남자",0,0
"75 ~ 79세","2014","자궁경부암","여자",236313,73968
"75 ~ 79세","2015","계","합계",1075824,418296
"75 ~ 79세","2015","계","남자",453404,188190
"75 ~ 79세","2015","계","여자",622420,230106
"75 ~ 79세","2015","위암","합계",483427,272840
"75 ~ 79세","2015","위암","남자",202441,121755
"75 ~ 79세","2015","위암","여자",280986,151085
"75 ~ 79세","2015","대장암","합계",1055611,325162
"75 ~ 79세","2015","대장암","남자",445921,153817
"75 ~ 79세","2015","대장암","여자",609690,171345
"75 ~ 79세","2015","간암","합계",37259,16284
"75 ~ 79세","2015","간암","남자",18873,8746
"75 ~ 79세","2015","간암","여자",18386,7538
"75 ~ 79세","2015","유방암","합계",276412,135857
"75 ~ 79세","2015","유방암","여자",276412,135857
"75 ~ 79세","2015","자궁경부암","합계",258023,83638
"75 ~ 79세","2015","자궁경부암","여자",258023,83638
"75 ~ 79세","2016","계","합계",1129335,449977
"75 ~ 79세","2016","계","남자",480249,201771
"75 ~ 79세","2016","계","여자",649086,248206
"75 ~ 79세","2016","위암","합계",486467,284516
"75 ~ 79세","2016","위암","남자",204247,125857
"75 ~ 79세","2016","위암","여자",282220,158659
"75 ~ 79세","2016","대장암","합계",1109037,356130
"75 ~ 79세","2016","대장암","남자",472876,167829
"75 ~ 79세","2016","대장암","여자",636161,188301
"75 ~ 79세","2016","간암","합계",22692,11667
"75 ~ 79세","2016","간암","남자",10565,5677
"75 ~ 79세","2016","간암","여자",12127,5990
"75 ~ 79세","2016","유방암","합계",276913,142309
"75 ~ 79세","2016","유방암","남자",-,-
"75 ~ 79세","2016","유방암","여자",276913,142309
"75 ~ 79세","2016","자궁경부암","합계",259241,91338
"75 ~ 79세","2016","자궁경부암","남자",-,-
"75 ~ 79세","2016","자궁경부암","여자",259241,91338
"75 ~ 79세","2017","계","합계",1248933,511097
"75 ~ 79세","2017","계","남자",535575,232468
"75 ~ 79세","2017","계","여자",713358,278629
"75 ~ 79세","2017","위암","합계",539147,319657
"75 ~ 79세","2017","위암","남자",228774,143086
"75 ~ 79세","2017","위암","여자",310373,176571
"75 ~ 79세","2017","대장암","합계",1227809,411314
"75 ~ 79세","2017","대장암","남자",527821,195958
"75 ~ 79세","2017","대장암","여자",699988,215356
"75 ~ 79세","2017","간암","합계",23838,13159
"75 ~ 79세","2017","간암","남자",11292,6428
"75 ~ 79세","2017","간암","여자",12546,6731
"75 ~ 79세","2017","유방암","합계",305006,158508
"75 ~ 79세","2017","유방암","남자",-,-
"75 ~ 79세","2017","유방암","여자",305006,158508
"75 ~ 79세","2017","자궁경부암","합계",287897,105156
"75 ~ 79세","2017","자궁경부암","남자",-,-
"75 ~ 79세","2017","자궁경부암","여자",287897,105156
"75 ~ 79세","2018","계","합계",1268058,564458
"75 ~ 79세","2018","계","남자",542732,260586
"75 ~ 79세","2018","계","여자",725326,303872
"75 ~ 79세","2018","위암","합계",585955,350357
"75 ~ 79세","2018","위암","남자",250444,158126
"75 ~ 79세","2018","위암","여자",335511,192231
"75 ~ 79세","2018","대장암","합계",1226391,444551
"75 ~ 79세","2018","대장암","남자",523940,214416
"75 ~ 79세","2018","대장암","여자",702451,230135
"75 ~ 79세","2018","간암","합계",28911,16770
"75 ~ 79세","2018","간암","남자",13688,8159
"75 ~ 79세","2018","간암","여자",15223,8611
"75 ~ 79세","2018","유방암","합계",329287,171663
"75 ~ 79세","2018","유방암","남자",-,-
"75 ~ 79세","2018","유방암","여자",329287,171663
"75 ~ 79세","2018","자궁경부암","합계",313313,118347
"75 ~ 79세","2018","자궁경부암","남자",-,-
"75 ~ 79세","2018","자궁경부암","여자",313313,118347
"75 ~ 79세","2019","계","합계",1284221,592040
"75 ~ 79세","2019","계","남자",552951,273876
"75 ~ 79세","2019","계","여자",731270,318164
"75 ~ 79세","2019","위암","합계",558080,347285
"75 ~ 79세","2019","위암","남자",237624,154913
"75 ~ 79세","2019","위암","여자",320456,192372
"75 ~ 79세","2019","대장암","합계",1243489,474677
"75 ~ 79세","2019","대장암","남자",534708,229418
"75 ~ 79세","2019","대장암","여자",708781,245259
"75 ~ 79세","2019","간암","합계",30387,18710
"75 ~ 79세","2019","간암","남자",14351,8912
"75 ~ 79세","2019","간암","여자",16036,9798
"75 ~ 79세","2019","유방암","합계",313343,170784
"75 ~ 79세","2019","유방암","남자",-,-
"75 ~ 79세","2019","유방암","여자",313343,170784
"75 ~ 79세","2019","자궁경부암","합계",299005,120407
"75 ~ 79세","2019","자궁경부암","남자",-,-
"75 ~ 79세","2019","자궁경부암","여자",299005,120407
"80 ~ 84세","2010","계","합계",280191,80275
"80 ~ 84세","2010","계","남자",92063,31638
"80 ~ 84세","2010","계","여자",188128,48637
"80 ~ 84세","2010","위암","합계",266191,66931
"80 ~ 84세","2010","위암","남자",87281,28252
"80 ~ 84세","2010","위암","여자",178910,38679
"80 ~ 84세","2010","대장암","합계",280191,36099
"80 ~ 84세","2010","대장암","남자",92063,16948
"80 ~ 84세","2010","대장암","여자",188128,19151
"80 ~ 84세","2010","간암","합계",5788,1314
"80 ~ 84세","2010","간암","남자",2814,737
"80 ~ 84세","2010","간암","여자",2974,577
"80 ~ 84세","2010","유방암","합계",178796,37136
"80 ~ 84세","2010","유방암","남자",-,-
"80 ~ 84세","2010","유방암","여자",178796,37136
"80 ~ 84세","2010","자궁경부암","합계",185108,14729
"80 ~ 84세","2010","자궁경부암","남자",-,-
"80 ~ 84세","2010","자궁경부암","여자",185108,14729
"80 ~ 84세","2011","계","합계",333008,98569
"80 ~ 84세","2011","계","남자",108705,39065
"80 ~ 84세","2011","계","여자",224303,59504
"80 ~ 84세","2011","위암","합계",330520,83919
"80 ~ 84세","2011","위암","남자",107734,35262
"80 ~ 84세","2011","위암","여자",222786,48657
"80 ~ 84세","2011","대장암","합계",326689,48265
"80 ~ 84세","2011","대장암","남자",106934,22093
"80 ~ 84세","2011","대장암","여자",219755,26172
"80 ~ 84세","2011","간암","합계",9025,2109
"80 ~ 84세","2011","간암","남자",4263,1130
"80 ~ 84세","2011","간암","여자",4762,979
"80 ~ 84세","2011","유방암","합계",222688,45315
"80 ~ 84세","2011","유방암","남자",-,-
"80 ~ 84세","2011","유방암","여자",222688,45315
"80 ~ 84세","2011","자궁경부암","합계",219206,19634
"80 ~ 84세","2011","자궁경부암","남자",-,-
"80 ~ 84세","2011","자궁경부암","여자",219206,19634
"80 ~ 84세","2012","계","합계",519016,127514
"80 ~ 84세","2012","계","남자",173815,52073
"80 ~ 84세","2012","계","여자",345201,75441
"80 ~ 84세","2012","위암","합계",296860,96216
"80 ~ 84세","2012","위암","남자",101806,40610
"80 ~ 84세","2012","위암","여자",195054,55606
"80 ~ 84세","2012","대장암","합계",508836,77741
"80 ~ 84세","2012","대장암","남자",170473,35254
"80 ~ 84세","2012","대장암","여자",338363,42487
"80 ~ 84세","2012","간암","합계",13383,3342
"80 ~ 84세","2012","간암","남자",6135,1680
"80 ~ 84세","2012","간암","여자",7248,1662
"80 ~ 84세","2012","유방암","합계",193783,50629
"80 ~ 84세","2012","유방암","남자",-,-
"80 ~ 84세","2012","유방암","여자",193783,50629
"80 ~ 84세","2012","자궁경부암","합계",185265,23020
"80 ~ 84세","2012","자궁경부암","남자",-,-
"80 ~ 84세","2012","자궁경부암","여자",185265,23020
"80 ~ 84세","2013","계","합계",513658,144008
"80 ~ 84세","2013","계","남자",177806,59236
"80 ~ 84세","2013","계","여자",335852,84772
"80 ~ 84세","2013","위암","합계",316582,105196
"80 ~ 84세","2013","위암","남자",110984,45147
"80 ~ 84세","2013","위암","여자",205598,60049
"80 ~ 84세","2013","대장암","합계",502757,93318
"80 ~ 84세","2013","대장암","남자",174122,42162
"80 ~ 84세","2013","대장암","여자",328635,51156
"80 ~ 84세","2013","간암","합계",12733,3743
"80 ~ 84세","2013","간암","남자",5669,1867
"80 ~ 84세","2013","간암","여자",7064,1876
"80 ~ 84세","2013","유방암","합계",204420,55176
"80 ~ 84세","2013","유방암","남자",-,-
"80 ~ 84세","2013","유방암","여자",204420,55176
"80 ~ 84세","2013","자궁경부암","합계",194874,25746
"80 ~ 84세","2013","자궁경부암","남자",-,-
"80 ~ 84세","2013","자궁경부암","여자",194874,25746
"80 ~ 84세","2014","계","합계",544950,171697
"80 ~ 84세","2014","계","남자",193618,70071
"80 ~ 84세","2014","계","여자",351332,101626
"80 ~ 84세","2014","위암","합계",345474,125096
"80 ~ 84세","2014","위암","남자",123361,53445
"80 ~ 84세","2014","위암","여자",222113,71651
"80 ~ 84세","2014","대장암","합계",530980,117343
"80 ~ 84세","2014","대장암","남자",189049,51955
"80 ~ 84세","2014","대장암","여자",341931,65388
"80 ~ 84세","2014","간암","합계",13350,4469
"80 ~ 84세","2014","간암","남자",5874,2200
"80 ~ 84세","2014","간암","여자",7476,2269
"80 ~ 84세","2014","유방암","합계",220079,65039
"80 ~ 84세","2014","유방암","남자",0,0
"80 ~ 84세","2014","유방암","여자",220079,65039
"80 ~ 84세","2014","자궁경부암","합계",208551,31641
"80 ~ 84세","2014","자궁경부암","남자",0,0
"80 ~ 84세","2014","자궁경부암","여자",208551,31641
"80 ~ 84세","2015","계","합계",615014,203578
"80 ~ 84세","2015","계","남자",224998,86073
"80 ~ 84세","2015","계","여자",390016,117505
"80 ~ 84세","2015","위암","합계",380310,146722
"80 ~ 84세","2015","위암","남자",139738,64267
"80 ~ 84세","2015","위암","여자",240572,82455
"80 ~ 84세","2015","대장암","합계",600817,143532
"80 ~ 84세","2015","대장암","남자",220294,65564
"80 ~ 84세","2015","대장암","여자",380523,77968
"80 ~ 84세","2015","간암","합계",16116,5510
"80 ~ 84세","2015","간암","남자",7408,2812
"80 ~ 84세","2015","간암","여자",8708,2698
"80 ~ 84세","2015","유방암","합계",237923,73246
"80 ~ 84세","2015","유방암","여자",237923,73246
"80 ~ 84세","2015","자궁경부암","합계",225798,36311
"80 ~ 84세","2015","자궁경부암","여자",225798,36311
"80 ~ 84세","2016","계","합계",668781,232601
"80 ~ 84세","2016","계","남자",249679,99167
"80 ~ 84세","2016","계","여자",419102,133434
"80 ~ 84세","2016","위암","합계",415721,166819
"80 ~ 84세","2016","위암","남자",155890,73739
"80 ~ 84세","2016","위암","여자",259831,93080
"80 ~ 84세","2016","대장암","합계",653980,168405
"80 ~ 84세","2016","대장암","남자",244761,77028
"80 ~ 84세","2016","대장암","여자",409219,91377
"80 ~ 84세","2016","간암","합계",9908,4076
"80 ~ 84세","2016","간암","남자",4241,1944
"80 ~ 84세","2016","간암","여자",5667,2132
"80 ~ 84세","2016","유방암","합계",256505,81624
"80 ~ 84세","2016","유방암","남자",-,-
"80 ~ 84세","2016","유방암","여자",256505,81624
"80 ~ 84세","2016","자궁경부암","합계",244126,42639
"80 ~ 84세","2016","자궁경부암","남자",-,-
"80 ~ 84세","2016","자궁경부암","여자",244126,42639
"80 ~ 84세","2017","계","합계",728576,261043
"80 ~ 84세","2017","계","남자",275991,112621
"80 ~ 84세","2017","계","여자",452585,148422
"80 ~ 84세","2017","위암","합계",450445,185242
"80 ~ 84세","2017","위암","남자",170997,82680
"80 ~ 84세","2017","위암","여자",279448,102562
"80 ~ 84세","2017","대장암","합계",713431,192491
"80 ~ 84세","2017","대장암","남자",270965,89259
"80 ~ 84세","2017","대장암","여자",442466,103232
"80 ~ 84세","2017","간암","합계",10266,4617
"80 ~ 84세","2017","간암","남자",4387,2143
"80 ~ 84세","2017","간암","여자",5879,2474
"80 ~ 84세","2017","유방암","합계",275997,89817
"80 ~ 84세","2017","유방암","남자",-,-
"80 ~ 84세","2017","유방암","여자",275997,89817
"80 ~ 84세","2017","자궁경부암","합계",263398,48488
"80 ~ 84세","2017","자궁경부암","남자",-,-
"80 ~ 84세","2017","자궁경부암","여자",263398,48488
"80 ~ 84세","2018","계","합계",782258,283491
"80 ~ 84세","2018","계","남자",298680,124706
"80 ~ 84세","2018","계","여자",483578,158785
"80 ~ 84세","2018","위암","합계",486749,199255
"80 ~ 84세","2018","위암","남자",186796,90119
"80 ~ 84세","2018","위암","여자",299953,109136
"80 ~ 84세","2018","대장암","합계",754680,205494
"80 ~ 84세","2018","대장암","남자",286899,96481
"80 ~ 84세","2018","대장암","여자",467781,109013
"80 ~ 84세","2018","간암","합계",13113,6079
"80 ~ 84세","2018","간암","남자",5561,2843
"80 ~ 84세","2018","간암","여자",7552,3236
"80 ~ 84세","2018","유방암","합계",295741,94194
"80 ~ 84세","2018","유방암","남자",-,-
"80 ~ 84세","2018","유방암","여자",295741,94194
"80 ~ 84세","2018","자궁경부암","합계",284131,52603
"80 ~ 84세","2018","자궁경부암","남자",-,-
"80 ~ 84세","2018","자궁경부암","여자",284131,52603
"80 ~ 84세","2019","계","합계",850610,330043
"80 ~ 84세","2019","계","남자",329685,145897
"80 ~ 84세","2019","계","여자",520925,184146
"80 ~ 84세","2019","위암","합계",533291,231099
"80 ~ 84세","2019","위암","남자",206812,104302
"80 ~ 84세","2019","위암","여자",326479,126797
"80 ~ 84세","2019","대장암","합계",818969,241950
"80 ~ 84세","2019","대장암","남자",316332,114273
"80 ~ 84세","2019","대장암","여자",502637,127677
"80 ~ 84세","2019","간암","합계",14641,7261
"80 ~ 84세","2019","간암","남자",6361,3447
"80 ~ 84세","2019","간암","여자",8280,3814
"80 ~ 84세","2019","유방암","합계",321718,107652
"80 ~ 84세","2019","유방암","남자",-,-
"80 ~ 84세","2019","유방암","여자",321718,107652
"80 ~ 84세","2019","자궁경부암","합계",309452,62472
"80 ~ 84세","2019","자궁경부암","남자",-,-
"80 ~ 84세","2019","자궁경부암","여자",309452,62472
"85세 이상","2010","계","합계",130771,18221
"85세 이상","2010","계","남자",37395,7561
"85세 이상","2010","계","여자",93376,10660
"85세 이상","2010","위암","합계",127708,14047
"85세 이상","2010","위암","남자",36195,6649
"85세 이상","2010","위암","여자",91513,7398
"85세 이상","2010","대장암","합계",130771,6832
"85세 이상","2010","대장암","남자",37395,3376
"85세 이상","2010","대장암","여자",93376,3456
"85세 이상","2010","간암","합계",1999,205
"85세 이상","2010","간암","남자",773,136
"85세 이상","2010","간암","여자",1226,69
"85세 이상","2010","유방암","합계",91399,7388
"85세 이상","2010","유방암","남자",-,-
"85세 이상","2010","유방암","여자",91399,7388
"85세 이상","2010","자궁경부암","합계",92946,2095
"85세 이상","2010","자궁경부암","남자",-,-
"85세 이상","2010","자궁경부암","여자",92946,2095
"85세 이상","2011","계","합계",161851,21186
"85세 이상","2011","계","남자",43507,8702
"85세 이상","2011","계","여자",118344,12484
"85세 이상","2011","위암","합계",160354,16191
"85세 이상","2011","위암","남자",42972,7585
"85세 이상","2011","위암","여자",117382,8606
"85세 이상","2011","대장암","합계",158792,9136
"85세 이상","2011","대장암","남자",42517,4236
"85세 이상","2011","대장암","여자",116275,4900
"85세 이상","2011","간암","합계",2415,298
"85세 이상","2011","간암","남자",995,167
"85세 이상","2011","간암","여자",1420,131
"85세 이상","2011","유방암","합계",117438,8227
"85세 이상","2011","유방암","남자",-,-
"85세 이상","2011","유방암","여자",117438,8227
"85세 이상","2011","자궁경부암","합계",115832,2646
"85세 이상","2011","자궁경부암","남자",-,-
"85세 이상","2011","자궁경부암","여자",115832,2646
"85세 이상","2012","계","합계",327049,29494
"85세 이상","2012","계","남자",88898,12308
"85세 이상","2012","계","여자",238151,17186
"85세 이상","2012","위암","합계",123816,16928
"85세 이상","2012","위암","남자",35066,7935
"85세 이상","2012","위암","여자",88750,8993
"85세 이상","2012","대장암","합계",324852,18135
"85세 이상","2012","대장암","남자",87994,8089
"85세 이상","2012","대장암","여자",236858,10046
"85세 이상","2012","간암","합계",5012,619
"85세 이상","2012","간암","남자",2094,355
"85세 이상","2012","간암","여자",2918,264
"85세 이상","2012","유방암","합계",88645,8512
"85세 이상","2012","유방암","남자",-,-
"85세 이상","2012","유방암","여자",88645,8512
"85세 이상","2012","자궁경부암","합계",85959,2754
"85세 이상","2012","자궁경부암","남자",-,-
"85세 이상","2012","자궁경부암","여자",85959,2754
"85세 이상","2013","계","합계",309777,36859
"85세 이상","2013","계","남자",85277,14148
"85세 이상","2013","계","여자",224500,22711
"85세 이상","2013","위암","합계",143615,20028
"85세 이상","2013","위암","남자",39207,8797
"85세 이상","2013","위암","여자",104408,11231
"85세 이상","2013","대장암","합계",307048,24145
"85세 이상","2013","대장암","남자",84339,9969
"85세 이상","2013","대장암","여자",222709,14176
"85세 이상","2013","간암","합계",4773,808
"85세 이상","2013","간암","남자",1915,408
"85세 이상","2013","간암","여자",2858,400
"85세 이상","2013","유방암","합계",104490,11029
"85세 이상","2013","유방암","남자",-,-
"85세 이상","2013","유방암","여자",104490,11029
"85세 이상","2013","자궁경부암","합계",101048,3857
"85세 이상","2013","자궁경부암","남자",-,-
"85세 이상","2013","자궁경부암","여자",101048,3857
"85세 이상","2014","계","합계",327455,44917
"85세 이상","2014","계","남자",90432,16783
"85세 이상","2014","계","여자",237023,28134
"85세 이상","2014","위암","합계",146919,23108
"85세 이상","2014","위암","남자",40437,9938
"85세 이상","2014","위암","여자",106482,13170
"85세 이상","2014","대장암","합계",324029,31292
"85세 이상","2014","대장암","남자",89303,12355
"85세 이상","2014","대장암","여자",234726,18937
"85세 이상","2014","간암","합계",5015,873
"85세 이상","2014","간암","남자",1965,426
"85세 이상","2014","간암","여자",3050,447
"85세 이상","2014","유방암","합계",106249,12426
"85세 이상","2014","유방암","남자",0,0
"85세 이상","2014","유방암","여자",106249,12426
"85세 이상","2014","자궁경부암","합계",102077,4256
"85세 이상","2014","자궁경부암","남자",0,0
"85세 이상","2014","자궁경부암","여자",102077,4256
"85세 이상","2015","계","합계",362046,52165
"85세 이상","2015","계","남자",99108,19687
"85세 이상","2015","계","여자",262938,32478
"85세 이상","2015","위암","합계",169104,27582
"85세 이상","2015","위암","남자",46548,11674
"85세 이상","2015","위암","여자",122556,15908
"85세 이상","2015","대장암","합계",358328,36611
"85세 이상","2015","대장암","남자",97970,14880
"85세 이상","2015","대장암","여자",260358,21731
"85세 이상","2015","간암","합계",6004,1118
"85세 이상","2015","간암","남자",2348,536
"85세 이상","2015","간암","여자",3656,582
"85세 이상","2015","유방암","합계",122221,14709
"85세 이상","2015","유방암","여자",122221,14709
"85세 이상","2015","자궁경부암","합계",117576,5010
"85세 이상","2015","자궁경부암","여자",117576,5010
"85세 이상","2016","계","합계",385043,58550
"85세 이상","2016","계","남자",106347,21916
"85세 이상","2016","계","여자",278696,36634
"85세 이상","2016","위암","합계",174825,30140
"85세 이상","2016","위암","남자",47752,12575
"85세 이상","2016","위암","여자",127073,17565
"85세 이상","2016","대장암","합계",381044,42048
"85세 이상","2016","대장암","남자",105182,17083
"85세 이상","2016","대장암","여자",275862,24965
"85세 이상","2016","간암","합계",3527,796
"85세 이상","2016","간암","남자",1307,355
"85세 이상","2016","간암","여자",2220,441
"85세 이상","2016","유방암","합계",126466,16006
"85세 이상","2016","유방암","남자",-,-
"85세 이상","2016","유방암","여자",126466,16006
"85세 이상","2016","자궁경부암","합계",121899,6156
"85세 이상","2016","자궁경부암","남자",-,-
"85세 이상","2016","자궁경부암","여자",121899,6156
"85세 이상","2017","계","합계",429576,66614
"85세 이상","2017","계","남자",120201,25354
"85세 이상","2017","계","여자",309375,41260
"85세 이상","2017","위암","합계",195664,34325
"85세 이상","2017","위암","남자",54076,14435
"85세 이상","2017","위암","여자",141588,19890
"85세 이상","2017","대장암","합계",425205,48164
"85세 이상","2017","대장암","남자",118977,19936
"85세 이상","2017","대장암","여자",306228,28228
"85세 이상","2017","간암","합계",3707,952
"85세 이상","2017","간암","남자",1388,428
"85세 이상","2017","간암","여자",2319,524
"85세 이상","2017","유방암","합계",140901,18197
"85세 이상","2017","유방암","남자",-,-
"85세 이상","2017","유방암","여자",140901,18197
"85세 이상","2017","자궁경부암","합계",135881,6977
"85세 이상","2017","자궁경부암","남자",-,-
"85세 이상","2017","자궁경부암","여자",135881,6977
"85세 이상","2018","계","합계",469030,73465
"85세 이상","2018","계","남자",133148,28872
"85세 이상","2018","계","여자",335882,44593
"85세 이상","2018","위암","합계",217752,37224
"85세 이상","2018","위암","남자",61129,15873
"85세 이상","2018","위암","여자",156623,21351
"85세 이상","2018","대장암","합계",461904,52928
"85세 이상","2018","대장암","남자",130582,22609
"85세 이상","2018","대장암","여자",331322,30319
"85세 이상","2018","간암","합계",4898,1267
"85세 이상","2018","간암","남자",1815,552
"85세 이상","2018","간암","여자",3083,715
"85세 이상","2018","유방암","합계",155678,18981
"85세 이상","2018","유방암","남자",-,-
"85세 이상","2018","유방암","여자",155678,18981
"85세 이상","2018","자궁경부암","합계",150812,7694
"85세 이상","2018","자궁경부암","남자",-,-
"85세 이상","2018","자궁경부암","여자",150812,7694
"85세 이상","2019","계","합계",527928,90132
"85세 이상","2019","계","남자",153276,35803
"85세 이상","2019","계","여자",374652,54329
"85세 이상","2019","위암","합계",241820,45830
"85세 이상","2019","위암","남자",69158,19475
"85세 이상","2019","위암","여자",172662,26355
"85세 이상","2019","대장암","합계",519738,65801
"85세 이상","2019","대장암","남자",150244,28315
"85세 이상","2019","대장암","여자",369494,37486
"85세 이상","2019","간암","합계",5603,1575
"85세 이상","2019","간암","남자",2011,661
"85세 이상","2019","간암","여자",3592,914
"85세 이상","2019","유방암","합계",171274,22476
"85세 이상","2019","유방암","남자",-,-
"85세 이상","2019","유방암","여자",171274,22476
"85세 이상","2019","자궁경부암","합계",165503,9123
"85세 이상","2019","자궁경부암","남자",-,-
"85세 이상","2019","자궁경부암","여자",165503,9123
